id,title,view_counter,publish_time,difficulty,season/0,season/1,season/2,season/3,categories/0/name,categories/0/info,sankelandskaber/0/id,sankelandskaber/0/title,sankelandskaber/0/sub_biotope_question,sankelandskaber/0/characteristic_question,sankelandskaber/0/color,sankelandskaber/0/profile_image/src,sankelandskaber/0/profile_image/id,sankelandskaber/0/sub_biotopes/0/id,sankelandskaber/0/sub_biotopes/0/title,sankelandskaber/0/sub_biotopes/1/id,sankelandskaber/0/sub_biotopes/1/title,sankelandskaber/1/id,sankelandskaber/1/title,sankelandskaber/1/sub_biotope_question,sankelandskaber/1/characteristic_question,sankelandskaber/1/color,sankelandskaber/1/profile_image/src,sankelandskaber/1/profile_image/id,sankelandskaber/1/sub_biotopes/0/id,sankelandskaber/1/sub_biotopes/0/title,sankelandskaber/1/sub_biotopes/1/id,sankelandskaber/1/sub_biotopes/1/title,profile_image/src,profile_image/id,season/4,season/5,sankelandskaber/2/id,sankelandskaber/2/title,sankelandskaber/2/sub_biotope_question,sankelandskaber/2/characteristic_question,sankelandskaber/2/color,sankelandskaber/2/profile_image/src,sankelandskaber/2/profile_image/id,sankelandskaber/2/sub_biotopes/0/id,sankelandskaber/2/sub_biotopes/0/title,sankelandskaber/2/sub_biotopes/1/id,sankelandskaber/2/sub_biotopes/1/title,sankelandskaber/2/biotope_characteristic/0/id,sankelandskaber/2/biotope_characteristic/0/title,sankelandskaber/2/biotope_characteristic/1/id,sankelandskaber/2/biotope_characteristic/1/title,season/6,season/7,sankelandskaber/0/biotope_characteristic/0/id,sankelandskaber/0/biotope_characteristic/0/title,sankelandskaber/0/biotope_characteristic/1/id,sankelandskaber/0/biotope_characteristic/1/title,sankelandskaber/3/id,sankelandskaber/3/title,sankelandskaber/3/sub_biotope_question,sankelandskaber/3/characteristic_question,sankelandskaber/3/color,sankelandskaber/3/profile_image/src,sankelandskaber/3/profile_image/id,sankelandskaber/3/sub_biotopes/0/id,sankelandskaber/3/sub_biotopes/0/title,sankelandskaber/3/sub_biotopes/1/id,sankelandskaber/3/sub_biotopes/1/title,sankelandskaber/1/biotope_characteristic/0/id,sankelandskaber/1/biotope_characteristic/0/title,sankelandskaber/1/biotope_characteristic/1/id,sankelandskaber/1/biotope_characteristic/1/title,sankelandskaber/4/id,sankelandskaber/4/title,sankelandskaber/4/sub_biotope_question,sankelandskaber/4/characteristic_question,sankelandskaber/4/color,sankelandskaber/4/profile_image/src,sankelandskaber/4/profile_image/id,sankelandskaber/4/sub_biotopes/0/id,sankelandskaber/4/sub_biotopes/0/title,sankelandskaber/4/sub_biotopes/1/id,sankelandskaber/4/sub_biotopes/1/title,sankelandskaber/5/id,sankelandskaber/5/title,sankelandskaber/5/sub_biotope_question,sankelandskaber/5/characteristic_question,sankelandskaber/5/color,sankelandskaber/5/profile_image/src,sankelandskaber/5/profile_image/id,sankelandskaber/5/sub_biotopes/0/id,sankelandskaber/5/sub_biotopes/0/title,sankelandskaber/5/sub_biotopes/1/id,sankelandskaber/5/sub_biotopes/1/title,sankelandskaber/6/id,sankelandskaber/6/title,sankelandskaber/6/sub_biotope_question,sankelandskaber/6/characteristic_question,sankelandskaber/6/color,sankelandskaber/6/profile_image/src,sankelandskaber/6/profile_image/id,sankelandskaber/6/sub_biotopes/0/id,sankelandskaber/6/sub_biotopes/0/title,sankelandskaber/6/sub_biotopes/1/id,sankelandskaber/6/sub_biotopes/1/title,sankelandskaber/3/biotope_characteristic/0/id,sankelandskaber/3/biotope_characteristic/0/title,sankelandskaber/3/biotope_characteristic/1/id,sankelandskaber/3/biotope_characteristic/1/title,season/8,season/9,season/10,season/11,sankelandskaber/7/id,sankelandskaber/7/title,sankelandskaber/7/sub_biotope_question,sankelandskaber/7/characteristic_question,sankelandskaber/7/color,sankelandskaber/7/profile_image/src,sankelandskaber/7/profile_image/id,sankelandskaber/7/sub_biotopes/0/id,sankelandskaber/7/sub_biotopes/0/title,sankelandskaber/7/sub_biotopes/1/id,sankelandskaber/7/sub_biotopes/1/title,sankelandskaber/4/biotope_characteristic/0/id,sankelandskaber/4/biotope_characteristic/0/title,sankelandskaber/4/biotope_characteristic/1/id,sankelandskaber/4/biotope_characteristic/1/title,categories/1/name,categories/1/info
255,Blæretang,2895,1625561937,,2,3,4,5,Tang,"Tang er en farlig urt. Den har en tendens til at gribe ud efter dine ben når du går forbi, så hvis du ikke passer på så kan du nemt blive fældet af sådan en bandit. Husk gode gummistøvler, og smør dem ind i anti-tang creme for at mindske risikoen for uheld.",174,Strand,Hvordan er strandens beskaffenhed?,,#4171BB,https://vildmadv2.vps.webdock.io/application/files/7016/2201/2308/Vildmad_BT_Strand_01_1.jpg,5405,1973,Sandstrand,1974,Stenstrand,171,Strandeng,Hvordan er jordens karakter på strandengen?,,#4171BB,https://vildmadv2.vps.webdock.io/application/files/7314/9812/2525/Vildmad_BT_Strandeng_24.jpg,1823,1948,Våd,1949,Tør,https://vildmadv2.vps.webdock.io/application/files/7116/2029/3479/Blaeretang_ravarkort.png,5335,,,,,,,,,,,,,,,,,,,,,,,,,,,,,,,,,,,,,,,,,,,,,,,,,,,,,,,,,,,,,,,,,,,,,,,,,,,,,,,,,,,,,,,,,,,,,,,,
278,"Kantarel, almindelig",7867,1626076378,,6,7,8,9,Svampe,,179,Løvskov,Hvordan er jordens karakter i skoven?,Hvordan er skovbunden?,#009748,https://vildmadv2.vps.webdock.io/application/files/1016/2089/8647/VILDMAD_BT_Lovskov_08.jpg,5383,1981,Morbund,1982,Mulbund,180,Nåleskov,Hvordan er jordens karakter i skoven?,Hvordan er skovbunden?,#009748,https://vildmadv2.vps.webdock.io/application/files/6214/9036/4694/naaleskov.jpg,409,1987,Morbund,1988,Mulbund,https://vildmadv2.vps.webdock.io/application/files/8916/2436/4262/Kantarel_ravarekort_app.png,5430,10,,,,,,,,,,,,,,,,,,,,,,,,,,,,,,,,,,,,,,,,,,,,,,,,,,,,,,,,,,,,,,,,,,,,,,,,,,,,,,,,,,,,,,,,,,,,,,,
280,"Morkel, almindelig",2156,1624365364,,3,4,5,,Svampe,,181,By,Hvor er du i byens landskab?,,#4B3C67,https://vildmadv2.vps.webdock.io/application/files/9414/9812/0663/VILDMAD_BT_BY_03-squashed.jpg,1783,1992,Park/have,1993,Kyst/havn,179,Løvskov,Hvordan er jordens karakter i skoven?,Hvordan er skovbunden?,#009748,https://vildmadv2.vps.webdock.io/application/files/1016/2089/8647/VILDMAD_BT_Lovskov_08.jpg,5383,1981,Morbund,1982,Mulbund,https://vildmadv2.vps.webdock.io/application/files/3516/2436/5297/Morkel_ravarekort_app.png,5431,,,,,,,,,,,,,,,,,,,,,,,,,,,,,,,,,,,,,,,,,,,,,,,,,,,,,,,,,,,,,,,,,,,,,,,,,,,,,,,,,,,,,,,,,,,,,,,,
281,"Østershat, almindelig",3155,1624365483,,0,1,2,9,Svampe,,181,By,Hvor er du i byens landskab?,,#4B3C67,https://vildmadv2.vps.webdock.io/application/files/9414/9812/0663/VILDMAD_BT_BY_03-squashed.jpg,1783,1992,Park/have,1993,Kyst/havn,179,Løvskov,Hvordan er jordens karakter i skoven?,Hvordan er skovbunden?,#009748,https://vildmadv2.vps.webdock.io/application/files/1016/2089/8647/VILDMAD_BT_Lovskov_08.jpg,5383,1981,Morbund,1982,Mulbund,https://vildmadv2.vps.webdock.io/application/files/8016/2436/5405/Ostershat_ravare_app.png,5433,10,11,,,,,,,,,,,,,,,,,,,,,,,,,,,,,,,,,,,,,,,,,,,,,,,,,,,,,,,,,,,,,,,,,,,,,,,,,,,,,,,,,,,,,,,,,,,,,,
283,"Pære, almindelig",468,1626076394,,8,,,,Buske og træer,,179,Løvskov,Hvordan er jordens karakter i skoven?,Hvordan er skovbunden?,#009748,https://vildmadv2.vps.webdock.io/application/files/1016/2089/8647/VILDMAD_BT_Lovskov_08.jpg,5383,1981,Morbund,1982,Mulbund,181,By,Hvor er du i byens landskab?,,#4B3C67,https://vildmadv2.vps.webdock.io/application/files/9414/9812/0663/VILDMAD_BT_BY_03-squashed.jpg,1783,1992,Park/have,1993,Kyst/havn,https://vildmadv2.vps.webdock.io/application/files/3916/2436/6075/Vild-paere_ravarekort_app.png,5435,,,176,Hegn,Hvordan er hegnet?,,#FEC21C,https://vildmadv2.vps.webdock.io/application/files/2114/9036/4146/hegn.jpg,365,1975,Tæt bevokset,1976,Åbent,2017,Kystnært,2018,Indland,,,,,,,,,,,,,,,,,,,,,,,,,,,,,,,,,,,,,,,,,,,,,,,,,,,,,,,,,,,,,,,,,,,,,,,,,,,,,,,
285,"Pigsvamp, almindelig",1801,1624367230,,8,9,10,11,Svampe,,179,Løvskov,Hvordan er jordens karakter i skoven?,Hvordan er skovbunden?,#009748,https://vildmadv2.vps.webdock.io/application/files/1016/2089/8647/VILDMAD_BT_Lovskov_08.jpg,5383,1981,Morbund,1982,Mulbund,180,Nåleskov,Hvordan er jordens karakter i skoven?,Hvordan er skovbunden?,#009748,https://vildmadv2.vps.webdock.io/application/files/6214/9036/4694/naaleskov.jpg,409,1987,Morbund,1988,Mulbund,https://vildmadv2.vps.webdock.io/application/files/8916/2436/6915/Alm-pigsvamp_ravarekort_app.png,5437,,,,,,,,,,,,,,,,,,,,,,,,,,,,,,,,,,,,,,,,,,,,,,,,,,,,,,,,,,,,,,,,,,,,,,,,,,,,,,,,,,,,,,,,,,,,,,,,
287,"Syre, almindelig",1733,1626076446,,2,3,4,5,Urter og mindre vækster,,176,Hegn,Hvordan er hegnet?,,#FEC21C,https://vildmadv2.vps.webdock.io/application/files/2114/9036/4146/hegn.jpg,365,1975,Tæt bevokset,1976,Åbent,177,Grøftekant,Hvordan er grøftekantens beskaffenhed?,,#FEC21C,https://vildmadv2.vps.webdock.io/application/files/4616/2089/7447/VILDMAD_BT_Groftekant_05.jpg,5379,1977,Næringsfattig,1978,Næringsrig,https://vildmadv2.vps.webdock.io/application/files/8416/2401/2670/Alm-syre_ravarkort_app.png,5427,6,7,178,Græsland,Hvordan er græslandet?,,#FEC21C,https://vildmadv2.vps.webdock.io/application/files/7916/2089/7481/Vildmad_BT_Gresland_09.jpg,5381,1979,Næringsfattig,1980,Næringsrig,,,,,8,9,2017,Kystnært,2018,Indland,181,By,Hvor er du i byens landskab?,,#4B3C67,https://vildmadv2.vps.webdock.io/application/files/9414/9812/0663/VILDMAD_BT_BY_03-squashed.jpg,1783,1992,Park/have,1993,Kyst/havn,,,,,,,,,,,,,,,,,,,,,,,,,,,,,,,,,,,,,,,,,,,,,,,,,,,,,,,,,,,,,,
277,Bellis,4630,1626076570,,2,3,4,5,Urter og mindre vækster,,178,Græsland,Hvordan er græslandet?,,#FEC21C,https://vildmadv2.vps.webdock.io/application/files/7916/2089/7481/Vildmad_BT_Gresland_09.jpg,5381,1979,Næringsfattig,1980,Næringsrig,177,Grøftekant,Hvordan er grøftekantens beskaffenhed?,,#FEC21C,https://vildmadv2.vps.webdock.io/application/files/4616/2089/7447/VILDMAD_BT_Groftekant_05.jpg,5379,1977,Næringsfattig,1978,Næringsrig,https://vildmadv2.vps.webdock.io/application/files/1416/2436/7746/Bellis_ravarkort_app.png,5440,6,7,181,By,Hvor er du i byens landskab?,,#4B3C67,https://vildmadv2.vps.webdock.io/application/files/9414/9812/0663/VILDMAD_BT_BY_03-squashed.jpg,1783,1992,Park/have,1993,Kyst/havn,,,,,8,,,,,,,,,,,,,,,,,,,,,,,,,,,,,,,,,,,,,,,,,,,,,,,,,,,,,,,,,,,,,,,,,,,,,,,,,,,,,,
293,Bøg,1283,1626076618,,4,9,,,Buske og træer,,179,Løvskov,Hvordan er jordens karakter i skoven?,Hvordan er skovbunden?,#009748,https://vildmadv2.vps.webdock.io/application/files/1016/2089/8647/VILDMAD_BT_Lovskov_08.jpg,5383,1981,Morbund,1982,Mulbund,181,By,Hvor er du i byens landskab?,,#4B3C67,https://vildmadv2.vps.webdock.io/application/files/9414/9812/0663/VILDMAD_BT_BY_03-squashed.jpg,1783,1992,Park/have,1993,Kyst/havn,https://vildmadv2.vps.webdock.io/application/files/1916/2436/8346/Bog_ravarkort_1.png,5442,,,,,,,,,,,,,,,,,,,,,,,,,,,,,,,,,,,,,,,,,,,,,,,,,,,,,,,,,,,,,,,,,,,,,,,,,,,,,,,,,,,,,,,,,,,,,,,,
295,Brombær,5953,1626076688,,6,7,8,9,Buske og træer,,173,Vandløb,Hvordan er vandløbets næringsindhold?,,#4171BB,https://vildmadv2.vps.webdock.io/application/files/6116/2201/2158/Vildmad_BT_Vandlob_02_1.jpg,5404,1971,Næringsfattig,1972,Næringsrig,176,Hegn,Hvordan er hegnet?,,#FEC21C,https://vildmadv2.vps.webdock.io/application/files/2114/9036/4146/hegn.jpg,365,1975,Tæt bevokset,1976,Åbent,https://vildmadv2.vps.webdock.io/application/files/9416/2071/5230/Brombaer_ravarekort.png,5344,,,177,Grøftekant,Hvordan er grøftekantens beskaffenhed?,,#FEC21C,https://vildmadv2.vps.webdock.io/application/files/4616/2089/7447/VILDMAD_BT_Groftekant_05.jpg,5379,1977,Næringsfattig,1978,Næringsrig,,,,,,,2015,Svag strøm,2016,Kraftig strøm,178,Græsland,Hvordan er græslandet?,,#FEC21C,https://vildmadv2.vps.webdock.io/application/files/7916/2089/7481/Vildmad_BT_Gresland_09.jpg,5381,1979,Næringsfattig,1980,Næringsrig,2017,Kystnært,2018,Indland,180,Nåleskov,Hvordan er jordens karakter i skoven?,Hvordan er skovbunden?,#009748,https://vildmadv2.vps.webdock.io/application/files/6214/9036/4694/naaleskov.jpg,409,1987,Morbund,1988,Mulbund,179,Løvskov,Hvordan er jordens karakter i skoven?,Hvordan er skovbunden?,#009748,https://vildmadv2.vps.webdock.io/application/files/1016/2089/8647/VILDMAD_BT_Lovskov_08.jpg,5383,1981,Morbund,1982,Mulbund,181,By,Hvor er du i byens landskab?,,#4B3C67,https://vildmadv2.vps.webdock.io/application/files/9414/9812/0663/VILDMAD_BT_BY_03-squashed.jpg,1783,1992,Park/have,1993,Kyst/havn,,,,,,,,,,,,,,,,,,,,,,,,,
297,Brøndkarse,1835,1626076718,,4,5,6,7,Urter og mindre vækster,,172,Sø,Hvordan er søens næringsindhold?,,#4171BB,https://vildmadv2.vps.webdock.io/application/files/1116/2195/3749/Vildmad_BT_So_01_1.jpg,5402,1969,Næringsfattig,1970,Næringsrig,173,Vandløb,Hvordan er vandløbets næringsindhold?,,#4171BB,https://vildmadv2.vps.webdock.io/application/files/6116/2201/2158/Vildmad_BT_Vandlob_02_1.jpg,5404,1971,Næringsfattig,1972,Næringsrig,https://vildmadv2.vps.webdock.io/application/files/4316/2436/8826/Brondkarse_ravarkort_app.png,5447,8,9,,,,,,,,,,,,,,,,10,,,,,,,,,,,,,,,,,2015,Svag strøm,2016,Kraftig strøm,,,,,,,,,,,,,,,,,,,,,,,,,,,,,,,,,,,,,,,,,,,,,,,,,,,,,,,,,,
298,Brun Skælrørhat,2991,1626076758,,5,6,7,8,Svampe,,181,By,Hvor er du i byens landskab?,,#4B3C67,https://vildmadv2.vps.webdock.io/application/files/9414/9812/0663/VILDMAD_BT_BY_03-squashed.jpg,1783,1992,Park/have,1993,Kyst/havn,180,Nåleskov,Hvordan er jordens karakter i skoven?,Hvordan er skovbunden?,#009748,https://vildmadv2.vps.webdock.io/application/files/6214/9036/4694/naaleskov.jpg,409,1987,Morbund,1988,Mulbund,https://vildmadv2.vps.webdock.io/application/files/1216/2436/9012/Brun-skaelrorhat_ravarekort_app.png,5449,9,,179,Løvskov,Hvordan er jordens karakter i skoven?,Hvordan er skovbunden?,#009748,https://vildmadv2.vps.webdock.io/application/files/1016/2089/8647/VILDMAD_BT_Lovskov_08.jpg,5383,1981,Morbund,1982,Mulbund,,,,,,,,,,,,,,,,,,,,,,,,,,,,,,,,,,,,,,,,,,,,,,,,,,,,,,,,,,,,,,,,,,,,,,,,,,,,,,,,,,,
299,Brungul Rørhat,1751,1626076771,,8,9,,,Svampe,,180,Nåleskov,Hvordan er jordens karakter i skoven?,Hvordan er skovbunden?,#009748,https://vildmadv2.vps.webdock.io/application/files/6214/9036/4694/naaleskov.jpg,409,1987,Morbund,1988,Mulbund,,,,,,,,,,,,https://vildmadv2.vps.webdock.io/application/files/2716/2436/9212/Brungul-Rorhat_ravare_app.png,5450,,,,,,,,,,,,,,,,,,,,,,,,,,,,,,,,,,,,,,,,,,,,,,,,,,,,,,,,,,,,,,,,,,,,,,,,,,,,,,,,,,,,,,,,,,,,,,,,
300,Brunstokket Rørhat,2250,1626076886,,8,9,,,Svampe,,180,Nåleskov,Hvordan er jordens karakter i skoven?,Hvordan er skovbunden?,#009748,https://vildmadv2.vps.webdock.io/application/files/6214/9036/4694/naaleskov.jpg,409,1987,Morbund,1988,Mulbund,,,,,,,,,,,,https://vildmadv2.vps.webdock.io/application/files/4916/2436/9432/Brunstokket-Rorhat_ravarekort_app.png,5453,,,,,,,,,,,,,,,,,,,,,,,,,,,,,,,,,,,,,,,,,,,,,,,,,,,,,,,,,,,,,,,,,,,,,,,,,,,,,,,,,,,,,,,,,,,,,,,,
302,Cikorie,2598,1626076907,,5,6,7,8,Urter og mindre vækster,,181,By,Hvor er du i byens landskab?,,#4B3C67,https://vildmadv2.vps.webdock.io/application/files/9414/9812/0663/VILDMAD_BT_BY_03-squashed.jpg,1783,1992,Park/have,1993,Kyst/havn,178,Græsland,Hvordan er græslandet?,,#FEC21C,https://vildmadv2.vps.webdock.io/application/files/7916/2089/7481/Vildmad_BT_Gresland_09.jpg,5381,1979,Næringsfattig,1980,Næringsrig,https://vildmadv2.vps.webdock.io/application/files/4716/2436/9707/Cikorie_ravarekort_ravare_1.png,5455,,,,,,,,,,,,,,,,,,,,,,,,,,,,,,,,,,,,,,,,,,,,,,,,,,,,,,,,,,,,,,,,,,,,,,,,,,,,,,,,,,,,,,,,,,,,,,,,
303,Døvnælde,1866,1626076930,,3,4,5,6,Urter og mindre vækster,,179,Løvskov,Hvordan er jordens karakter i skoven?,Hvordan er skovbunden?,#009748,https://vildmadv2.vps.webdock.io/application/files/1016/2089/8647/VILDMAD_BT_Lovskov_08.jpg,5383,1981,Morbund,1982,Mulbund,180,Nåleskov,Hvordan er jordens karakter i skoven?,Hvordan er skovbunden?,#009748,https://vildmadv2.vps.webdock.io/application/files/6214/9036/4694/naaleskov.jpg,409,1987,Morbund,1988,Mulbund,https://vildmadv2.vps.webdock.io/application/files/3016/2099/6215/Dovnaelde_ravarkort_ravare.png,5392,,,181,By,Hvor er du i byens landskab?,,#4B3C67,https://vildmadv2.vps.webdock.io/application/files/9414/9812/0663/VILDMAD_BT_BY_03-squashed.jpg,1783,1992,Park/have,1993,Kyst/havn,,,,,,,,,,,176,Hegn,Hvordan er hegnet?,,#FEC21C,https://vildmadv2.vps.webdock.io/application/files/2114/9036/4146/hegn.jpg,365,1975,Tæt bevokset,1976,Åbent,,,,,177,Grøftekant,Hvordan er grøftekantens beskaffenhed?,,#FEC21C,https://vildmadv2.vps.webdock.io/application/files/4616/2089/7447/VILDMAD_BT_Groftekant_05.jpg,5379,1977,Næringsfattig,1978,Næringsrig,178,Græsland,Hvordan er græslandet?,,#FEC21C,https://vildmadv2.vps.webdock.io/application/files/7916/2089/7481/Vildmad_BT_Gresland_09.jpg,5381,1979,Næringsfattig,1980,Næringsrig,171,Strandeng,Hvordan er jordens karakter på strandengen?,,#4171BB,https://vildmadv2.vps.webdock.io/application/files/7314/9812/2525/Vildmad_BT_Strandeng_24.jpg,1823,1948,Våd,1949,Tør,2017,Kystnært,2018,Indland,,,,,,,,,,,,,,,,,,,,,
304,Bredbladet Dunhammer,1299,1626076951,,3,4,5,,Urter og mindre vækster,,173,Vandløb,Hvordan er vandløbets næringsindhold?,,#4171BB,https://vildmadv2.vps.webdock.io/application/files/6116/2201/2158/Vildmad_BT_Vandlob_02_1.jpg,5404,1971,Næringsfattig,1972,Næringsrig,172,Sø,Hvordan er søens næringsindhold?,,#4171BB,https://vildmadv2.vps.webdock.io/application/files/1116/2195/3749/Vildmad_BT_So_01_1.jpg,5402,1969,Næringsfattig,1970,Næringsrig,https://vildmadv2.vps.webdock.io/application/files/5016/2030/2102/Dunhammer_ravarkort_1.png,5337,,,181,By,Hvor er du i byens landskab?,,#4B3C67,https://vildmadv2.vps.webdock.io/application/files/9414/9812/0663/VILDMAD_BT_BY_03-squashed.jpg,1783,1992,Park/have,1993,Kyst/havn,,,,,,,2015,Svag strøm,2016,Kraftig strøm,177,Grøftekant,Hvordan er grøftekantens beskaffenhed?,,#FEC21C,https://vildmadv2.vps.webdock.io/application/files/4616/2089/7447/VILDMAD_BT_Groftekant_05.jpg,5379,1977,Næringsfattig,1978,Næringsrig,,,,,,,,,,,,,,,,,,,,,,,,,,,,,,,,,,,,,,,,,,,,,,,,,,,,,,,,,,,,,,
306,Elm,899,1626077642,,3,4,,,Buske og træer,,176,Hegn,Hvordan er hegnet?,,#FEC21C,https://vildmadv2.vps.webdock.io/application/files/2114/9036/4146/hegn.jpg,365,1975,Tæt bevokset,1976,Åbent,179,Løvskov,Hvordan er jordens karakter i skoven?,Hvordan er skovbunden?,#009748,https://vildmadv2.vps.webdock.io/application/files/1016/2089/8647/VILDMAD_BT_Lovskov_08.jpg,5383,1981,Morbund,1982,Mulbund,https://vildmadv2.vps.webdock.io/application/files/2716/2437/0184/Elm_ravarkort_ravare_1.png,5460,,,181,By,Hvor er du i byens landskab?,,#4B3C67,https://vildmadv2.vps.webdock.io/application/files/9414/9812/0663/VILDMAD_BT_BY_03-squashed.jpg,1783,1992,Park/have,1993,Kyst/havn,,,,,,,2017,Kystnært,2018,Indland,,,,,,,,,,,,,,,,,,,,,,,,,,,,,,,,,,,,,,,,,,,,,,,,,,,,,,,,,,,,,,,,,,,,,,,,,
307,Ene,446,1626077689,,0,1,2,3,Buske og træer,,178,Græsland,Hvordan er græslandet?,,#FEC21C,https://vildmadv2.vps.webdock.io/application/files/7916/2089/7481/Vildmad_BT_Gresland_09.jpg,5381,1979,Næringsfattig,1980,Næringsrig,,,,,,,,,,,,https://vildmadv2.vps.webdock.io/application/files/4614/9036/4770/ene.jpg,425,4,5,,,,,,,,,,,,,,,,6,7,,,,,,,,,,,,,,,,,,,,,,,,,,,,,,,,,,,,,,,,,,,,,,,,,,,,,,,,,8,9,10,11,,,,,,,,,,,,,,,,,
308,Fuglegræs,5331,1626077723,,0,1,2,3,Urter og mindre vækster,,176,Hegn,Hvordan er hegnet?,,#FEC21C,https://vildmadv2.vps.webdock.io/application/files/2114/9036/4146/hegn.jpg,365,1975,Tæt bevokset,1976,Åbent,177,Grøftekant,Hvordan er grøftekantens beskaffenhed?,,#FEC21C,https://vildmadv2.vps.webdock.io/application/files/4616/2089/7447/VILDMAD_BT_Groftekant_05.jpg,5379,1977,Næringsfattig,1978,Næringsrig,https://vildmadv2.vps.webdock.io/application/files/1016/2437/0364/Fuglegraes_ravarkort_app.png,5463,4,5,178,Græsland,Hvordan er græslandet?,,#FEC21C,https://vildmadv2.vps.webdock.io/application/files/7916/2089/7481/Vildmad_BT_Gresland_09.jpg,5381,1979,Næringsfattig,1980,Næringsrig,,,,,6,7,2017,Kystnært,2018,Indland,181,By,Hvor er du i byens landskab?,,#4B3C67,https://vildmadv2.vps.webdock.io/application/files/9414/9812/0663/VILDMAD_BT_BY_03-squashed.jpg,1783,1992,Park/have,1993,Kyst/havn,,,,,179,Løvskov,Hvordan er jordens karakter i skoven?,Hvordan er skovbunden?,#009748,https://vildmadv2.vps.webdock.io/application/files/1016/2089/8647/VILDMAD_BT_Lovskov_08.jpg,5383,1981,Morbund,1982,Mulbund,,,,,,,,,,,,,,,,,,,,,,,,,,,8,9,10,11,,,,,,,,,,,,,,,,,
310,Fuglekirsebær,1759,1626077840,,6,7,,,Buske og træer,,179,Løvskov,Hvordan er jordens karakter i skoven?,Hvordan er skovbunden?,#009748,https://vildmadv2.vps.webdock.io/application/files/1016/2089/8647/VILDMAD_BT_Lovskov_08.jpg,5383,1981,Morbund,1982,Mulbund,181,By,Hvor er du i byens landskab?,,#4B3C67,https://vildmadv2.vps.webdock.io/application/files/9414/9812/0663/VILDMAD_BT_BY_03-squashed.jpg,1783,1992,Park/have,1993,Kyst/havn,https://vildmadv2.vps.webdock.io/application/files/8916/2437/0577/Fuglekirsbaer_ravarekort_app.png,5464,,,176,Hegn,Hvordan er hegnet?,,#FEC21C,https://vildmadv2.vps.webdock.io/application/files/2114/9036/4146/hegn.jpg,365,1975,Tæt bevokset,1976,Åbent,2017,Kystnært,2018,Indland,,,,,,,,,,,,,,,,,,,,,,,,,,,,,,,,,,,,,,,,,,,,,,,,,,,,,,,,,,,,,,,,,,,,,,,,,,,,,,,
312,Gråbynke,606,1626077865,,4,5,6,7,Urter og mindre vækster,,173,Vandløb,Hvordan er vandløbets næringsindhold?,,#4171BB,https://vildmadv2.vps.webdock.io/application/files/6116/2201/2158/Vildmad_BT_Vandlob_02_1.jpg,5404,1971,Næringsfattig,1972,Næringsrig,176,Hegn,Hvordan er hegnet?,,#FEC21C,https://vildmadv2.vps.webdock.io/application/files/2114/9036/4146/hegn.jpg,365,1975,Tæt bevokset,1976,Åbent,https://vildmadv2.vps.webdock.io/application/files/8816/2437/1012/Grabynke_ravarkort_app.png,5466,8,9,177,Grøftekant,Hvordan er grøftekantens beskaffenhed?,,#FEC21C,https://vildmadv2.vps.webdock.io/application/files/4616/2089/7447/VILDMAD_BT_Groftekant_05.jpg,5379,1977,Næringsfattig,1978,Næringsrig,,,,,,,2015,Svag strøm,2016,Kraftig strøm,178,Græsland,Hvordan er græslandet?,,#FEC21C,https://vildmadv2.vps.webdock.io/application/files/7916/2089/7481/Vildmad_BT_Gresland_09.jpg,5381,1979,Næringsfattig,1980,Næringsrig,2017,Kystnært,2018,Indland,181,By,Hvor er du i byens landskab?,,#4B3C67,https://vildmadv2.vps.webdock.io/application/files/9414/9812/0663/VILDMAD_BT_BY_03-squashed.jpg,1783,1992,Park/have,1993,Kyst/havn,171,Strandeng,Hvordan er jordens karakter på strandengen?,,#4171BB,https://vildmadv2.vps.webdock.io/application/files/7314/9812/2525/Vildmad_BT_Strandeng_24.jpg,1823,1948,Våd,1949,Tør,,,,,,,,,,,,,,,,,,,,,,,,,,,,,,,,,,,,
314,Granmælkehat,291,1630400174,,7,8,9,,Svampe,,180,Nåleskov,Hvordan er jordens karakter i skoven?,Hvordan er skovbunden?,#009748,https://vildmadv2.vps.webdock.io/application/files/6214/9036/4694/naaleskov.jpg,409,1987,Morbund,1988,Mulbund,,,,,,,,,,,,https://vildmadv2.vps.webdock.io/application/files/8016/2437/1340/Granmaelkehat_ravarekort_app.png,5468,,,,,,,,,,,,,,,,,,,,,,,,,,,,,,,,,,,,,,,,,,,,,,,,,,,,,,,,,,,,,,,,,,,,,,,,,,,,,,,,,,,,,,,,,,,,,,,,
315,Hassel,1527,1626077927,,8,9,,,Buske og træer,,179,Løvskov,Hvordan er jordens karakter i skoven?,Hvordan er skovbunden?,#009748,https://vildmadv2.vps.webdock.io/application/files/1016/2089/8647/VILDMAD_BT_Lovskov_08.jpg,5383,1981,Morbund,1982,Mulbund,181,By,Hvor er du i byens landskab?,,#4B3C67,https://vildmadv2.vps.webdock.io/application/files/9414/9812/0663/VILDMAD_BT_BY_03-squashed.jpg,1783,1992,Park/have,1993,Kyst/havn,https://vildmadv2.vps.webdock.io/application/files/4216/2437/1585/Hassel_ravarekort_app.png,5470,,,176,Hegn,Hvordan er hegnet?,,#FEC21C,https://vildmadv2.vps.webdock.io/application/files/2114/9036/4146/hegn.jpg,365,1975,Tæt bevokset,1976,Åbent,2017,Kystnært,2018,Indland,,,,,,,,,,,,,,,,,,,,,,,,,,,,,,,,,,,,,,,,,,,,,,,,,,,,,,,,,,,,,,,,,,,,,,,,,,,,,,,
317,Havtorn,4590,1626077965,,7,8,9,,Buske og træer,,173,Vandløb,Hvordan er vandløbets næringsindhold?,,#4171BB,https://vildmadv2.vps.webdock.io/application/files/6116/2201/2158/Vildmad_BT_Vandlob_02_1.jpg,5404,1971,Næringsfattig,1972,Næringsrig,181,By,Hvor er du i byens landskab?,,#4B3C67,https://vildmadv2.vps.webdock.io/application/files/9414/9812/0663/VILDMAD_BT_BY_03-squashed.jpg,1783,1992,Park/have,1993,Kyst/havn,https://vildmadv2.vps.webdock.io/application/files/5216/2437/1782/Havtorn_ravarekort_app.png,5473,,,176,Hegn,Hvordan er hegnet?,,#FEC21C,https://vildmadv2.vps.webdock.io/application/files/2114/9036/4146/hegn.jpg,365,1975,Tæt bevokset,1976,Åbent,2017,Kystnært,2018,Indland,,,2015,Svag strøm,2016,Kraftig strøm,,,,,,,,,,,,,,,,,,,,,,,,,,,,,,,,,,,,,,,,,,,,,,,,,,,,,,,,,,,,,,,,,,,,,,,,,
319,Hedelyng,1032,1626078012,,7,8,,,Buske og træer,,178,Græsland,Hvordan er græslandet?,,#FEC21C,https://vildmadv2.vps.webdock.io/application/files/7916/2089/7481/Vildmad_BT_Gresland_09.jpg,5381,1979,Næringsfattig,1980,Næringsrig,,,,,,,,,,,,https://vildmadv2.vps.webdock.io/application/files/6016/2437/1966/Hedelyng_ravarekort_app.png,5474,,,,,,,,,,,,,,,,,,,,,,,,,,,,,,,,,,,,,,,,,,,,,,,,,,,,,,,,,,,,,,,,,,,,,,,,,,,,,,,,,,,,,,,,,,,,,,,,
320,Hindbær,1772,1626078039,,6,7,,,Buske og træer,,179,Løvskov,Hvordan er jordens karakter i skoven?,Hvordan er skovbunden?,#009748,https://vildmadv2.vps.webdock.io/application/files/1016/2089/8647/VILDMAD_BT_Lovskov_08.jpg,5383,1981,Morbund,1982,Mulbund,176,Hegn,Hvordan er hegnet?,,#FEC21C,https://vildmadv2.vps.webdock.io/application/files/2114/9036/4146/hegn.jpg,365,1975,Tæt bevokset,1976,Åbent,https://vildmadv2.vps.webdock.io/application/files/8116/2437/2594/Hindbaer_ravarekort_app_1.png,5476,,,177,Grøftekant,Hvordan er grøftekantens beskaffenhed?,,#FEC21C,https://vildmadv2.vps.webdock.io/application/files/4616/2089/7447/VILDMAD_BT_Groftekant_05.jpg,5379,1977,Næringsfattig,1978,Næringsrig,,,,,,,,,,,,,,,,,,,,,,2017,Kystnært,2018,Indland,,,,,,,,,,,,,,,,,,,,,,,,,,,,,,,,,,,,,,,,,,,,,,,,,,,,,,,,,,
322,Honningsvamp,2104,1626078240,,8,9,,,Svampe,,179,Løvskov,Hvordan er jordens karakter i skoven?,Hvordan er skovbunden?,#009748,https://vildmadv2.vps.webdock.io/application/files/1016/2089/8647/VILDMAD_BT_Lovskov_08.jpg,5383,1981,Morbund,1982,Mulbund,180,Nåleskov,Hvordan er jordens karakter i skoven?,Hvordan er skovbunden?,#009748,https://vildmadv2.vps.webdock.io/application/files/6214/9036/4694/naaleskov.jpg,409,1987,Morbund,1988,Mulbund,https://vildmadv2.vps.webdock.io/application/files/6416/2437/2772/Honnningsvamp_ravarekort_app.png,5479,,,181,By,Hvor er du i byens landskab?,,#4B3C67,https://vildmadv2.vps.webdock.io/application/files/9414/9812/0663/VILDMAD_BT_BY_03-squashed.jpg,1783,1992,Park/have,1993,Kyst/havn,,,,,,,,,,,176,Hegn,Hvordan er hegnet?,,#FEC21C,https://vildmadv2.vps.webdock.io/application/files/2114/9036/4146/hegn.jpg,365,1975,Tæt bevokset,1976,Åbent,,,,,,,,,,,,,,,,,,,,,,,,,,,,,,,,,,,,,,2017,Kystnært,2018,Indland,,,,,,,,,,,,,,,,,,,,,
323,Humle,1093,1626078433,,3,4,8,,Urter og mindre vækster,,179,Løvskov,Hvordan er jordens karakter i skoven?,Hvordan er skovbunden?,#009748,https://vildmadv2.vps.webdock.io/application/files/1016/2089/8647/VILDMAD_BT_Lovskov_08.jpg,5383,1981,Morbund,1982,Mulbund,180,Nåleskov,Hvordan er jordens karakter i skoven?,Hvordan er skovbunden?,#009748,https://vildmadv2.vps.webdock.io/application/files/6214/9036/4694/naaleskov.jpg,409,1987,Morbund,1988,Mulbund,https://vildmadv2.vps.webdock.io/application/files/5516/2437/2955/Humle_ravarkort_app.png,5481,,,181,By,Hvor er du i byens landskab?,,#4B3C67,https://vildmadv2.vps.webdock.io/application/files/9414/9812/0663/VILDMAD_BT_BY_03-squashed.jpg,1783,1992,Park/have,1993,Kyst/havn,,,,,,,,,,,176,Hegn,Hvordan er hegnet?,,#FEC21C,https://vildmadv2.vps.webdock.io/application/files/2114/9036/4146/hegn.jpg,365,1975,Tæt bevokset,1976,Åbent,,,,,,,,,,,,,,,,,,,,,,,,,,,,,,,,,,,,,,2017,Kystnært,2018,Indland,,,,,,,,,,,,,,,,,,,,,
324,Hummerskørhat,1796,1626078463,,7,8,9,,Svampe,,180,Nåleskov,Hvordan er jordens karakter i skoven?,Hvordan er skovbunden?,#009748,https://vildmadv2.vps.webdock.io/application/files/6214/9036/4694/naaleskov.jpg,409,1987,Morbund,1988,Mulbund,,,,,,,,,,,,https://vildmadv2.vps.webdock.io/application/files/9316/2437/3163/Hummer-skorhat_ravarekort_app.png,5483,,,,,,,,,,,,,,,,,,,,,,,,,,,,,,,,,,,,,,,,,,,,,,,,,,,,,,,,,,,,,,,,,,,,,,,,,,,,,,,,,,,,,,,,,,,,,,,,
325,Hyldebær,2082,1626078574,,7,8,9,,Buske og træer,,176,Hegn,Hvordan er hegnet?,,#FEC21C,https://vildmadv2.vps.webdock.io/application/files/2114/9036/4146/hegn.jpg,365,1975,Tæt bevokset,1976,Åbent,179,Løvskov,Hvordan er jordens karakter i skoven?,Hvordan er skovbunden?,#009748,https://vildmadv2.vps.webdock.io/application/files/1016/2089/8647/VILDMAD_BT_Lovskov_08.jpg,5383,1981,Morbund,1982,Mulbund,https://vildmadv2.vps.webdock.io/application/files/5116/2437/3339/Hyld_ravarkort_app.png,5484,,,180,Nåleskov,Hvordan er jordens karakter i skoven?,Hvordan er skovbunden?,#009748,https://vildmadv2.vps.webdock.io/application/files/6214/9036/4694/naaleskov.jpg,409,1987,Morbund,1988,Mulbund,,,,,,,2017,Kystnært,2018,Indland,181,By,Hvor er du i byens landskab?,,#4B3C67,https://vildmadv2.vps.webdock.io/application/files/9414/9812/0663/VILDMAD_BT_BY_03-squashed.jpg,1783,1992,Park/have,1993,Kyst/havn,,,,,174,Strand,Hvordan er strandens beskaffenhed?,,#4171BB,https://vildmadv2.vps.webdock.io/application/files/7016/2201/2308/Vildmad_BT_Strand_01_1.jpg,5405,1973,Sandstrand,1974,Stenstrand,,,,,,,,,,,,,,,,,,,,,,,,,,,,,,,,,,,,,,,,,,,,,,,
327,Hyrdetaske,1435,1626078923,,3,4,5,6,Urter og mindre vækster,,181,By,Hvor er du i byens landskab?,,#4B3C67,https://vildmadv2.vps.webdock.io/application/files/9414/9812/0663/VILDMAD_BT_BY_03-squashed.jpg,1783,1992,Park/have,1993,Kyst/havn,176,Hegn,Hvordan er hegnet?,,#FEC21C,https://vildmadv2.vps.webdock.io/application/files/2114/9036/4146/hegn.jpg,365,1975,Tæt bevokset,1976,Åbent,https://vildmadv2.vps.webdock.io/application/files/6716/2445/3525/Hyrdetaske_ravarkort_app.png,5486,7,8,177,Grøftekant,Hvordan er grøftekantens beskaffenhed?,,#FEC21C,https://vildmadv2.vps.webdock.io/application/files/4616/2089/7447/VILDMAD_BT_Groftekant_05.jpg,5379,1977,Næringsfattig,1978,Næringsrig,,,,,9,,,,,,178,Græsland,Hvordan er græslandet?,,#FEC21C,https://vildmadv2.vps.webdock.io/application/files/7916/2089/7481/Vildmad_BT_Gresland_09.jpg,5381,1979,Næringsfattig,1980,Næringsrig,2017,Kystnært,2018,Indland,,,,,,,,,,,,,,,,,,,,,,,,,,,,,,,,,,,,,,,,,,,,,,,,,,,,,,,,,,
330,Karl Johan,6093,1626078939,,5,6,7,8,Svampe,,179,Løvskov,Hvordan er jordens karakter i skoven?,Hvordan er skovbunden?,#009748,https://vildmadv2.vps.webdock.io/application/files/1016/2089/8647/VILDMAD_BT_Lovskov_08.jpg,5383,1981,Morbund,1982,Mulbund,180,Nåleskov,Hvordan er jordens karakter i skoven?,Hvordan er skovbunden?,#009748,https://vildmadv2.vps.webdock.io/application/files/6214/9036/4694/naaleskov.jpg,409,1987,Morbund,1988,Mulbund,https://vildmadv2.vps.webdock.io/application/files/9016/2445/3819/Karl-Johan_ravarekort_app.png,5489,9,,181,By,Hvor er du i byens landskab?,,#4B3C67,https://vildmadv2.vps.webdock.io/application/files/9414/9812/0663/VILDMAD_BT_BY_03-squashed.jpg,1783,1992,Park/have,1993,Kyst/havn,,,,,,,,,,,,,,,,,,,,,,,,,,,,,,,,,,,,,,,,,,,,,,,,,,,,,,,,,,,,,,,,,,,,,,,,,,,,,,,,,,,
332,"Katost, almindelig",1677,1626079049,,4,5,6,7,Urter og mindre vækster,,173,Vandløb,Hvordan er vandløbets næringsindhold?,,#4171BB,https://vildmadv2.vps.webdock.io/application/files/6116/2201/2158/Vildmad_BT_Vandlob_02_1.jpg,5404,1971,Næringsfattig,1972,Næringsrig,176,Hegn,Hvordan er hegnet?,,#FEC21C,https://vildmadv2.vps.webdock.io/application/files/2114/9036/4146/hegn.jpg,365,1975,Tæt bevokset,1976,Åbent,https://vildmadv2.vps.webdock.io/application/files/5516/2445/3967/Katost_ravarkort_app.png,5490,,,177,Grøftekant,Hvordan er grøftekantens beskaffenhed?,,#FEC21C,https://vildmadv2.vps.webdock.io/application/files/4616/2089/7447/VILDMAD_BT_Groftekant_05.jpg,5379,1977,Næringsfattig,1978,Næringsrig,,,,,,,2015,Svag strøm,2016,Kraftig strøm,178,Græsland,Hvordan er græslandet?,,#FEC21C,https://vildmadv2.vps.webdock.io/application/files/7916/2089/7481/Vildmad_BT_Gresland_09.jpg,5381,1979,Næringsfattig,1980,Næringsrig,2017,Kystnært,2018,Indland,181,By,Hvor er du i byens landskab?,,#4B3C67,https://vildmadv2.vps.webdock.io/application/files/9414/9812/0663/VILDMAD_BT_BY_03-squashed.jpg,1783,1992,Park/have,1993,Kyst/havn,,,,,,,,,,,,,,,,,,,,,,,,,,,,,,,,,,,,,,,,,,,,,,,
334,Korbær,1776,1626079093,,7,8,,,Buske og træer,,176,Hegn,Hvordan er hegnet?,,#FEC21C,https://vildmadv2.vps.webdock.io/application/files/2114/9036/4146/hegn.jpg,365,1975,Tæt bevokset,1976,Åbent,177,Grøftekant,Hvordan er grøftekantens beskaffenhed?,,#FEC21C,https://vildmadv2.vps.webdock.io/application/files/4616/2089/7447/VILDMAD_BT_Groftekant_05.jpg,5379,1977,Næringsfattig,1978,Næringsrig,https://vildmadv2.vps.webdock.io/application/files/7316/2445/4470/Korsbaer_ravarekort_app.png,5495,,,179,Løvskov,Hvordan er jordens karakter i skoven?,Hvordan er skovbunden?,#009748,https://vildmadv2.vps.webdock.io/application/files/1016/2089/8647/VILDMAD_BT_Lovskov_08.jpg,5383,1981,Morbund,1982,Mulbund,,,,,,,2017,Kystnært,2018,Indland,180,Nåleskov,Hvordan er jordens karakter i skoven?,Hvordan er skovbunden?,#009748,https://vildmadv2.vps.webdock.io/application/files/6214/9036/4694/naaleskov.jpg,409,1987,Morbund,1988,Mulbund,,,,,171,Strandeng,Hvordan er jordens karakter på strandengen?,,#4171BB,https://vildmadv2.vps.webdock.io/application/files/7314/9812/2525/Vildmad_BT_Strandeng_24.jpg,1823,1948,Våd,1949,Tør,,,,,,,,,,,,,,,,,,,,,,,,,,,,,,,,,,,,,,,,,,,,,,,
335,Kornblomst,979,1683140208,,6,7,8,,Urter og mindre vækster,,178,Græsland,Hvordan er græslandet?,,#FEC21C,https://vildmadv2.vps.webdock.io/application/files/7916/2089/7481/Vildmad_BT_Gresland_09.jpg,5381,1979,Næringsfattig,1980,Næringsrig,,,,,,,,,,,,https://vildmadv2.vps.webdock.io/application/files/5716/2445/4204/Kornblomst_ravarekort_app.png,5493,,,,,,,,,,,,,,,,,,,,,,,,,,,,,,,,,,,,,,,,,,,,,,,,,,,,,,,,,,,,,,,,,,,,,,,,,,,,,,,,,,,,,,,,,,,,,,,,
336,Korsknap,1196,1626079149,,5,6,7,,Urter og mindre vækster,,179,Løvskov,Hvordan er jordens karakter i skoven?,Hvordan er skovbunden?,#009748,https://vildmadv2.vps.webdock.io/application/files/1016/2089/8647/VILDMAD_BT_Lovskov_08.jpg,5383,1981,Morbund,1982,Mulbund,180,Nåleskov,Hvordan er jordens karakter i skoven?,Hvordan er skovbunden?,#009748,https://vildmadv2.vps.webdock.io/application/files/6214/9036/4694/naaleskov.jpg,409,1987,Morbund,1988,Mulbund,https://vildmadv2.vps.webdock.io/application/files/6816/2445/4749/Korsnap_ravarkort_app.png,5496,,,181,By,Hvor er du i byens landskab?,,#4B3C67,https://vildmadv2.vps.webdock.io/application/files/9414/9812/0663/VILDMAD_BT_BY_03-squashed.jpg,1783,1992,Park/have,1993,Kyst/havn,,,,,,,,,,,176,Hegn,Hvordan er hegnet?,,#FEC21C,https://vildmadv2.vps.webdock.io/application/files/2114/9036/4146/hegn.jpg,365,1975,Tæt bevokset,1976,Åbent,,,,,177,Grøftekant,Hvordan er grøftekantens beskaffenhed?,,#FEC21C,https://vildmadv2.vps.webdock.io/application/files/4616/2089/7447/VILDMAD_BT_Groftekant_05.jpg,5379,1977,Næringsfattig,1978,Næringsrig,178,Græsland,Hvordan er græslandet?,,#FEC21C,https://vildmadv2.vps.webdock.io/application/files/7916/2089/7481/Vildmad_BT_Gresland_09.jpg,5381,1979,Næringsfattig,1980,Næringsrig,,,,,,,,,,,,2017,Kystnært,2018,Indland,,,,,,,,,,,,,,,,,,,,,
337,Kvan,1599,1626079233,,2,3,4,5,Urter og mindre vækster,,174,Strand,Hvordan er strandens beskaffenhed?,,#4171BB,https://vildmadv2.vps.webdock.io/application/files/7016/2201/2308/Vildmad_BT_Strand_01_1.jpg,5405,1973,Sandstrand,1974,Stenstrand,171,Strandeng,Hvordan er jordens karakter på strandengen?,,#4171BB,https://vildmadv2.vps.webdock.io/application/files/7314/9812/2525/Vildmad_BT_Strandeng_24.jpg,1823,1948,Våd,1949,Tør,https://vildmadv2.vps.webdock.io/application/files/8416/2445/4958/Kvan_ravarkort_app.png,5499,6,7,,,,,,,,,,,,,,,,8,,,,,,,,,,,,,,,,,,,,,,,,,,,,,,,,,,,,,,,,,,,,,,,,,,,,,,,,,,,,,,,,,,,,,,,,,,,,,,
338,Lægekokleare,1723,1626079267,,0,1,2,3,Strandurter,,173,Vandløb,Hvordan er vandløbets næringsindhold?,,#4171BB,https://vildmadv2.vps.webdock.io/application/files/6116/2201/2158/Vildmad_BT_Vandlob_02_1.jpg,5404,1971,Næringsfattig,1972,Næringsrig,174,Strand,Hvordan er strandens beskaffenhed?,,#4171BB,https://vildmadv2.vps.webdock.io/application/files/7016/2201/2308/Vildmad_BT_Strand_01_1.jpg,5405,1973,Sandstrand,1974,Stenstrand,https://vildmadv2.vps.webdock.io/application/files/9116/2445/5292/Laegekoklear_ravarkort_app.png,5501,4,5,171,Strandeng,Hvordan er jordens karakter på strandengen?,,#4171BB,https://vildmadv2.vps.webdock.io/application/files/7314/9812/2525/Vildmad_BT_Strandeng_24.jpg,1823,1948,Våd,1949,Tør,,,,,10,11,2015,Svag strøm,2016,Kraftig strøm,,,,,,,,,,,,,,,,,,,,,,,,,,,,,,,,,,,,,,,,,,,,,,,,,,,,,,,,,,,,,,,,,,,,,,,,,
339,Lav Klørtang,478,1626079298,,2,3,4,,,,174,Strand,Hvordan er strandens beskaffenhed?,,#4171BB,https://vildmadv2.vps.webdock.io/application/files/7016/2201/2308/Vildmad_BT_Strand_01_1.jpg,5405,1973,Sandstrand,1974,Stenstrand,181,By,Hvor er du i byens landskab?,,#4B3C67,https://vildmadv2.vps.webdock.io/application/files/9414/9812/0663/VILDMAD_BT_BY_03-squashed.jpg,1783,1992,Park/have,1993,Kyst/havn,https://vildmadv2.vps.webdock.io/application/files/5216/2445/6538/Lav_klortang_ravarekort_app.png,5503,,,,,,,,,,,,,,,,,,,,,,,,,,,,,,,,,,,,,,,,,,,,,,,,,,,,,,,,,,,,,,,,,,,,,,,,,,,,,,,,,,,,,,,,,,,,,,,,
340,Lind,998,1626079684,,4,5,6,,Buske og træer,,179,Løvskov,Hvordan er jordens karakter i skoven?,Hvordan er skovbunden?,#009748,https://vildmadv2.vps.webdock.io/application/files/1016/2089/8647/VILDMAD_BT_Lovskov_08.jpg,5383,1981,Morbund,1982,Mulbund,181,By,Hvor er du i byens landskab?,,#4B3C67,https://vildmadv2.vps.webdock.io/application/files/9414/9812/0663/VILDMAD_BT_BY_03-squashed.jpg,1783,1992,Park/have,1993,Kyst/havn,https://vildmadv2.vps.webdock.io/application/files/1016/2445/6733/Lind_ravarkort_app.png,5505,,,176,Hegn,Hvordan er hegnet?,,#FEC21C,https://vildmadv2.vps.webdock.io/application/files/2114/9036/4146/hegn.jpg,365,1975,Tæt bevokset,1976,Åbent,2017,Kystnært,2018,Indland,,,,,,,,,,,,,,,,,,,,,,,,,,,,,,,,,,,,,,,,,,,,,,,,,,,,,,,,,,,,,,,,,,,,,,,,,,,,,,,
341,Løgkarse,5929,1626079714,,0,1,2,3,Urter og mindre vækster,,173,Vandløb,Hvordan er vandløbets næringsindhold?,,#4171BB,https://vildmadv2.vps.webdock.io/application/files/6116/2201/2158/Vildmad_BT_Vandlob_02_1.jpg,5404,1971,Næringsfattig,1972,Næringsrig,174,Strand,Hvordan er strandens beskaffenhed?,,#4171BB,https://vildmadv2.vps.webdock.io/application/files/7016/2201/2308/Vildmad_BT_Strand_01_1.jpg,5405,1973,Sandstrand,1974,Stenstrand,https://vildmadv2.vps.webdock.io/application/files/6616/2445/6934/Logkarse_ravarkort_app.png,5506,4,5,176,Hegn,Hvordan er hegnet?,,#FEC21C,https://vildmadv2.vps.webdock.io/application/files/2114/9036/4146/hegn.jpg,365,1975,Tæt bevokset,1976,Åbent,2017,Kystnært,2018,Indland,6,7,2015,Svag strøm,2016,Kraftig strøm,177,Grøftekant,Hvordan er grøftekantens beskaffenhed?,,#FEC21C,https://vildmadv2.vps.webdock.io/application/files/4616/2089/7447/VILDMAD_BT_Groftekant_05.jpg,5379,1977,Næringsfattig,1978,Næringsrig,,,,,178,Græsland,Hvordan er græslandet?,,#FEC21C,https://vildmadv2.vps.webdock.io/application/files/7916/2089/7481/Vildmad_BT_Gresland_09.jpg,5381,1979,Næringsfattig,1980,Næringsrig,179,Løvskov,Hvordan er jordens karakter i skoven?,Hvordan er skovbunden?,#009748,https://vildmadv2.vps.webdock.io/application/files/1016/2089/8647/VILDMAD_BT_Lovskov_08.jpg,5383,1981,Morbund,1982,Mulbund,180,Nåleskov,Hvordan er jordens karakter i skoven?,Hvordan er skovbunden?,#009748,https://vildmadv2.vps.webdock.io/application/files/6214/9036/4694/naaleskov.jpg,409,1987,Morbund,1988,Mulbund,,,,,8,9,10,11,181,By,Hvor er du i byens landskab?,,#4B3C67,https://vildmadv2.vps.webdock.io/application/files/9414/9812/0663/VILDMAD_BT_BY_03-squashed.jpg,1783,1992,Park/have,1993,Kyst/havn,,,,,,
343,Mælkebøtte,2265,1626079786,,3,4,5,9,Urter og mindre vækster,,173,Vandløb,Hvordan er vandløbets næringsindhold?,,#4171BB,https://vildmadv2.vps.webdock.io/application/files/6116/2201/2158/Vildmad_BT_Vandlob_02_1.jpg,5404,1971,Næringsfattig,1972,Næringsrig,176,Hegn,Hvordan er hegnet?,,#FEC21C,https://vildmadv2.vps.webdock.io/application/files/2114/9036/4146/hegn.jpg,365,1975,Tæt bevokset,1976,Åbent,https://vildmadv2.vps.webdock.io/application/files/5316/2445/7084/Maelkebotte_ravarkort_app.png,5508,,,177,Grøftekant,Hvordan er grøftekantens beskaffenhed?,,#FEC21C,https://vildmadv2.vps.webdock.io/application/files/4616/2089/7447/VILDMAD_BT_Groftekant_05.jpg,5379,1977,Næringsfattig,1978,Næringsrig,,,,,,,2015,Svag strøm,2016,Kraftig strøm,178,Græsland,Hvordan er græslandet?,,#FEC21C,https://vildmadv2.vps.webdock.io/application/files/7916/2089/7481/Vildmad_BT_Gresland_09.jpg,5381,1979,Næringsfattig,1980,Næringsrig,2017,Kystnært,2018,Indland,179,Løvskov,Hvordan er jordens karakter i skoven?,Hvordan er skovbunden?,#009748,https://vildmadv2.vps.webdock.io/application/files/1016/2089/8647/VILDMAD_BT_Lovskov_08.jpg,5383,1981,Morbund,1982,Mulbund,180,Nåleskov,Hvordan er jordens karakter i skoven?,Hvordan er skovbunden?,#009748,https://vildmadv2.vps.webdock.io/application/files/6214/9036/4694/naaleskov.jpg,409,1987,Morbund,1988,Mulbund,181,By,Hvor er du i byens landskab?,,#4B3C67,https://vildmadv2.vps.webdock.io/application/files/9414/9812/0663/VILDMAD_BT_BY_03-squashed.jpg,1783,1992,Park/have,1993,Kyst/havn,,,,,,,,,,,,,,,,,,,,,,,,,
345,Merian,318,1626079830,,,,,,,,,,,,,,,,,,,,,,,,,,,,,,https://vildmadv2.vps.webdock.io/application/files/4516/2445/7217/Merian_ravarkort_app.png,5511,,,,,,,,,,,,,,,,,,,,,,,,,,,,,,,,,,,,,,,,,,,,,,,,,,,,,,,,,,,,,,,,,,,,,,,,,,,,,,,,,,,,,,,,,,,,,,,,
346,Mjødurt,2029,1624457551,,2,3,4,5,Urter og mindre vækster,,173,Vandløb,Hvordan er vandløbets næringsindhold?,,#4171BB,https://vildmadv2.vps.webdock.io/application/files/6116/2201/2158/Vildmad_BT_Vandlob_02_1.jpg,5404,1971,Næringsfattig,1972,Næringsrig,172,Sø,Hvordan er søens næringsindhold?,,#4171BB,https://vildmadv2.vps.webdock.io/application/files/1116/2195/3749/Vildmad_BT_So_01_1.jpg,5402,1969,Næringsfattig,1970,Næringsrig,https://vildmadv2.vps.webdock.io/application/files/2816/2445/7440/Mjodurt_ravarkort_app.png,5513,6,7,176,Hegn,Hvordan er hegnet?,,#FEC21C,https://vildmadv2.vps.webdock.io/application/files/2114/9036/4146/hegn.jpg,365,1975,Tæt bevokset,1976,Åbent,2017,Kystnært,2018,Indland,8,9,2015,Svag strøm,2016,Kraftig strøm,178,Græsland,Hvordan er græslandet?,,#FEC21C,https://vildmadv2.vps.webdock.io/application/files/7916/2089/7481/Vildmad_BT_Gresland_09.jpg,5381,1979,Næringsfattig,1980,Næringsrig,,,,,181,By,Hvor er du i byens landskab?,,#4B3C67,https://vildmadv2.vps.webdock.io/application/files/9414/9812/0663/VILDMAD_BT_BY_03-squashed.jpg,1783,1992,Park/have,1993,Kyst/havn,,,,,,,,,,,,,,,,,,,,,,,,,,,,,,,,,,,,,,,,,,,,,,,
349,Peberrod,3477,1626079968,,4,5,6,7,Buske og træer,,173,Vandløb,Hvordan er vandløbets næringsindhold?,,#4171BB,https://vildmadv2.vps.webdock.io/application/files/6116/2201/2158/Vildmad_BT_Vandlob_02_1.jpg,5404,1971,Næringsfattig,1972,Næringsrig,176,Hegn,Hvordan er hegnet?,,#FEC21C,https://vildmadv2.vps.webdock.io/application/files/2114/9036/4146/hegn.jpg,365,1975,Tæt bevokset,1976,Åbent,https://vildmadv2.vps.webdock.io/application/files/3216/2445/7648/Peberod_ravarekort_app.png,5515,8,9,177,Grøftekant,Hvordan er grøftekantens beskaffenhed?,,#FEC21C,https://vildmadv2.vps.webdock.io/application/files/4616/2089/7447/VILDMAD_BT_Groftekant_05.jpg,5379,1977,Næringsfattig,1978,Næringsrig,,,,,10,,2015,Svag strøm,2016,Kraftig strøm,178,Græsland,Hvordan er græslandet?,,#FEC21C,https://vildmadv2.vps.webdock.io/application/files/7916/2089/7481/Vildmad_BT_Gresland_09.jpg,5381,1979,Næringsfattig,1980,Næringsrig,2017,Kystnært,2018,Indland,181,By,Hvor er du i byens landskab?,,#4B3C67,https://vildmadv2.vps.webdock.io/application/files/9414/9812/0663/VILDMAD_BT_BY_03-squashed.jpg,1783,1992,Park/have,1993,Kyst/havn,,,,,,,,,,,,,,,,,,,,,,,,,,,,,,,,,,,,,,,,,,,,,,,
351,Ramsløg,9745,1626080055,,2,3,4,5,Urter og mindre vækster,,176,Hegn,Hvordan er hegnet?,,#FEC21C,https://vildmadv2.vps.webdock.io/application/files/2114/9036/4146/hegn.jpg,365,1975,Tæt bevokset,1976,Åbent,180,Nåleskov,Hvordan er jordens karakter i skoven?,Hvordan er skovbunden?,#009748,https://vildmadv2.vps.webdock.io/application/files/6214/9036/4694/naaleskov.jpg,409,1987,Morbund,1988,Mulbund,https://vildmadv2.vps.webdock.io/application/files/2916/2445/7828/Ramslog_ravarkort_app.png,5516,6,7,181,By,Hvor er du i byens landskab?,,#4B3C67,https://vildmadv2.vps.webdock.io/application/files/9414/9812/0663/VILDMAD_BT_BY_03-squashed.jpg,1783,1992,Park/have,1993,Kyst/havn,,,,,8,9,2017,Kystnært,2018,Indland,,,,,,,,,,,,,,,,,,,,,,,,,,,,,,,,,,,,,,,,,,,,,,,,,,,,,10,,,,,,,,,,,,,,,,,,,,
355,Rød Birkerørhat,1261,1629708706,,7,8,9,,Svampe,,179,Løvskov,Hvordan er jordens karakter i skoven?,Hvordan er skovbunden?,#009748,https://vildmadv2.vps.webdock.io/application/files/1016/2089/8647/VILDMAD_BT_Lovskov_08.jpg,5383,1981,Morbund,1982,Mulbund,180,Nåleskov,Hvordan er jordens karakter i skoven?,Hvordan er skovbunden?,#009748,https://vildmadv2.vps.webdock.io/application/files/6214/9036/4694/naaleskov.jpg,409,1987,Morbund,1988,Mulbund,https://vildmadv2.vps.webdock.io/application/files/5516/2445/7982/Rod-birkerorhat_app.png,5519,,,181,By,Hvor er du i byens landskab?,,#4B3C67,https://vildmadv2.vps.webdock.io/application/files/9414/9812/0663/VILDMAD_BT_BY_03-squashed.jpg,1783,1992,Park/have,1993,Kyst/havn,,,,,,,,,,,,,,,,,,,,,,,,,,,,,,,,,,,,,,,,,,,,,,,,,,,,,,,,,,,,,,,,,,,,,,,,,,,,,,,,,,,
356,Rød Tvetand,2154,1626080218,,3,4,5,6,Urter og mindre vækster,,173,Vandløb,Hvordan er vandløbets næringsindhold?,,#4171BB,https://vildmadv2.vps.webdock.io/application/files/6116/2201/2158/Vildmad_BT_Vandlob_02_1.jpg,5404,1971,Næringsfattig,1972,Næringsrig,176,Hegn,Hvordan er hegnet?,,#FEC21C,https://vildmadv2.vps.webdock.io/application/files/2114/9036/4146/hegn.jpg,365,1975,Tæt bevokset,1976,Åbent,https://vildmadv2.vps.webdock.io/application/files/6216/2445/8135/Rod-tvetand_ravarkort_app.png,5521,7,8,177,Grøftekant,Hvordan er grøftekantens beskaffenhed?,,#FEC21C,https://vildmadv2.vps.webdock.io/application/files/4616/2089/7447/VILDMAD_BT_Groftekant_05.jpg,5379,1977,Næringsfattig,1978,Næringsrig,,,,,9,,2015,Svag strøm,2016,Kraftig strøm,178,Græsland,Hvordan er græslandet?,,#FEC21C,https://vildmadv2.vps.webdock.io/application/files/7916/2089/7481/Vildmad_BT_Gresland_09.jpg,5381,1979,Næringsfattig,1980,Næringsrig,2017,Kystnært,2018,Indland,179,Løvskov,Hvordan er jordens karakter i skoven?,Hvordan er skovbunden?,#009748,https://vildmadv2.vps.webdock.io/application/files/1016/2089/8647/VILDMAD_BT_Lovskov_08.jpg,5383,1981,Morbund,1982,Mulbund,180,Nåleskov,Hvordan er jordens karakter i skoven?,Hvordan er skovbunden?,#009748,https://vildmadv2.vps.webdock.io/application/files/6214/9036/4694/naaleskov.jpg,409,1987,Morbund,1988,Mulbund,181,By,Hvor er du i byens landskab?,,#4B3C67,https://vildmadv2.vps.webdock.io/application/files/9414/9812/0663/VILDMAD_BT_BY_03-squashed.jpg,1783,1992,Park/have,1993,Kyst/havn,,,,,,,,,,,,,,,,,,,,,,,,,
357,Rødgran,1023,1626080249,,4,5,,,Buske og træer,,179,Løvskov,Hvordan er jordens karakter i skoven?,Hvordan er skovbunden?,#009748,https://vildmadv2.vps.webdock.io/application/files/1016/2089/8647/VILDMAD_BT_Lovskov_08.jpg,5383,1981,Morbund,1982,Mulbund,181,By,Hvor er du i byens landskab?,,#4B3C67,https://vildmadv2.vps.webdock.io/application/files/9414/9812/0663/VILDMAD_BT_BY_03-squashed.jpg,1783,1992,Park/have,1993,Kyst/havn,https://vildmadv2.vps.webdock.io/application/files/1216/2445/8318/Rodgran_ravarekort_app.png,5522,,,,,,,,,,,,,,,,,,,,,,,,,,,,,,,,,,,,,,,,,,,,,,,,,,,,,,,,,,,,,,,,,,,,,,,,,,,,,,,,,,,,,,,,,,,,,,,,
359,Rødkløver,1531,1626080296,,4,5,6,7,Urter og mindre vækster,,178,Græsland,Hvordan er græslandet?,,#FEC21C,https://vildmadv2.vps.webdock.io/application/files/7916/2089/7481/Vildmad_BT_Gresland_09.jpg,5381,1979,Næringsfattig,1980,Næringsrig,181,By,Hvor er du i byens landskab?,,#4B3C67,https://vildmadv2.vps.webdock.io/application/files/9414/9812/0663/VILDMAD_BT_BY_03-squashed.jpg,1783,1992,Park/have,1993,Kyst/havn,https://vildmadv2.vps.webdock.io/application/files/5516/2445/8460/Rodklover_ravarkort_app.png,5524,,,,,,,,,,,,,,,,,,,,,,,,,,,,,,,,,,,,,,,,,,,,,,,,,,,,,,,,,,,,,,,,,,,,,,,,,,,,,,,,,,,,,,,,,,,,,,,,
360,Rødknæ,1532,1626080326,,0,1,2,3,Urter og mindre vækster,,176,Hegn,Hvordan er hegnet?,,#FEC21C,https://vildmadv2.vps.webdock.io/application/files/2114/9036/4146/hegn.jpg,365,1975,Tæt bevokset,1976,Åbent,177,Grøftekant,Hvordan er grøftekantens beskaffenhed?,,#FEC21C,https://vildmadv2.vps.webdock.io/application/files/4616/2089/7447/VILDMAD_BT_Groftekant_05.jpg,5379,1977,Næringsfattig,1978,Næringsrig,https://vildmadv2.vps.webdock.io/application/files/3414/9319/1820/rodknae_profil.jpg,1420,4,5,178,Græsland,Hvordan er græslandet?,,#FEC21C,https://vildmadv2.vps.webdock.io/application/files/7916/2089/7481/Vildmad_BT_Gresland_09.jpg,5381,1979,Næringsfattig,1980,Næringsrig,,,,,6,7,2017,Kystnært,2018,Indland,179,Løvskov,Hvordan er jordens karakter i skoven?,Hvordan er skovbunden?,#009748,https://vildmadv2.vps.webdock.io/application/files/1016/2089/8647/VILDMAD_BT_Lovskov_08.jpg,5383,1981,Morbund,1982,Mulbund,,,,,180,Nåleskov,Hvordan er jordens karakter i skoven?,Hvordan er skovbunden?,#009748,https://vildmadv2.vps.webdock.io/application/files/6214/9036/4694/naaleskov.jpg,409,1987,Morbund,1988,Mulbund,181,By,Hvor er du i byens landskab?,,#4B3C67,https://vildmadv2.vps.webdock.io/application/files/9414/9812/0663/VILDMAD_BT_BY_03-squashed.jpg,1783,1992,Park/have,1993,Kyst/havn,,,,,,,,,,,,,,,,8,9,10,11,,,,,,,,,,,,,,,,,
361,Røllike,1303,1624459047,,3,4,,,Urter og mindre vækster,,173,Vandløb,Hvordan er vandløbets næringsindhold?,,#4171BB,https://vildmadv2.vps.webdock.io/application/files/6116/2201/2158/Vildmad_BT_Vandlob_02_1.jpg,5404,1971,Næringsfattig,1972,Næringsrig,176,Hegn,Hvordan er hegnet?,,#FEC21C,https://vildmadv2.vps.webdock.io/application/files/2114/9036/4146/hegn.jpg,365,1975,Tæt bevokset,1976,Åbent,https://vildmadv2.vps.webdock.io/application/files/5116/2445/8985/Rollike_ravarkort_app.png,5527,,,177,Grøftekant,Hvordan er grøftekantens beskaffenhed?,,#FEC21C,https://vildmadv2.vps.webdock.io/application/files/4616/2089/7447/VILDMAD_BT_Groftekant_05.jpg,5379,1977,Næringsfattig,1978,Næringsrig,,,,,,,2015,Svag strøm,2016,Kraftig strøm,178,Græsland,Hvordan er græslandet?,,#FEC21C,https://vildmadv2.vps.webdock.io/application/files/7916/2089/7481/Vildmad_BT_Gresland_09.jpg,5381,1979,Næringsfattig,1980,Næringsrig,2017,Kystnært,2018,Indland,179,Løvskov,Hvordan er jordens karakter i skoven?,Hvordan er skovbunden?,#009748,https://vildmadv2.vps.webdock.io/application/files/1016/2089/8647/VILDMAD_BT_Lovskov_08.jpg,5383,1981,Morbund,1982,Mulbund,181,By,Hvor er du i byens landskab?,,#4B3C67,https://vildmadv2.vps.webdock.io/application/files/9414/9812/0663/VILDMAD_BT_BY_03-squashed.jpg,1783,1992,Park/have,1993,Kyst/havn,,,,,,,,,,,,,,,,,,,,,,,,,,,,,,,,,,,,
363,Røn,2037,1626080365,,3,7,8,,Buske og træer,,173,Vandløb,Hvordan er vandløbets næringsindhold?,,#4171BB,https://vildmadv2.vps.webdock.io/application/files/6116/2201/2158/Vildmad_BT_Vandlob_02_1.jpg,5404,1971,Næringsfattig,1972,Næringsrig,176,Hegn,Hvordan er hegnet?,,#FEC21C,https://vildmadv2.vps.webdock.io/application/files/2114/9036/4146/hegn.jpg,365,1975,Tæt bevokset,1976,Åbent,https://vildmadv2.vps.webdock.io/application/files/9614/9319/1702/ron_profil.jpg,1419,,,179,Løvskov,Hvordan er jordens karakter i skoven?,Hvordan er skovbunden?,#009748,https://vildmadv2.vps.webdock.io/application/files/1016/2089/8647/VILDMAD_BT_Lovskov_08.jpg,5383,1981,Morbund,1982,Mulbund,,,,,,,2015,Svag strøm,2016,Kraftig strøm,180,Nåleskov,Hvordan er jordens karakter i skoven?,Hvordan er skovbunden?,#009748,https://vildmadv2.vps.webdock.io/application/files/6214/9036/4694/naaleskov.jpg,409,1987,Morbund,1988,Mulbund,2017,Kystnært,2018,Indland,181,By,Hvor er du i byens landskab?,,#4B3C67,https://vildmadv2.vps.webdock.io/application/files/9414/9812/0663/VILDMAD_BT_BY_03-squashed.jpg,1783,1992,Park/have,1993,Kyst/havn,,,,,,,,,,,,,,,,,,,,,,,,,,,,,,,,,,,,,,,,,,,,,,,
365,Roset Springknap,1020,1626080393,,0,1,2,3,Urter og mindre vækster,,176,Hegn,Hvordan er hegnet?,,#FEC21C,https://vildmadv2.vps.webdock.io/application/files/2114/9036/4146/hegn.jpg,365,1975,Tæt bevokset,1976,Åbent,177,Grøftekant,Hvordan er grøftekantens beskaffenhed?,,#FEC21C,https://vildmadv2.vps.webdock.io/application/files/4616/2089/7447/VILDMAD_BT_Groftekant_05.jpg,5379,1977,Næringsfattig,1978,Næringsrig,https://vildmadv2.vps.webdock.io/application/files/1416/2445/9195/Roset_sprintklap_ravarekort_app.png,5529,10,11,178,Græsland,Hvordan er græslandet?,,#FEC21C,https://vildmadv2.vps.webdock.io/application/files/7916/2089/7481/Vildmad_BT_Gresland_09.jpg,5381,1979,Næringsfattig,1980,Næringsrig,,,,,,,2017,Kystnært,2018,Indland,179,Løvskov,Hvordan er jordens karakter i skoven?,Hvordan er skovbunden?,#009748,https://vildmadv2.vps.webdock.io/application/files/1016/2089/8647/VILDMAD_BT_Lovskov_08.jpg,5383,1981,Morbund,1982,Mulbund,,,,,180,Nåleskov,Hvordan er jordens karakter i skoven?,Hvordan er skovbunden?,#009748,https://vildmadv2.vps.webdock.io/application/files/6214/9036/4694/naaleskov.jpg,409,1987,Morbund,1988,Mulbund,181,By,Hvor er du i byens landskab?,,#4B3C67,https://vildmadv2.vps.webdock.io/application/files/9414/9812/0663/VILDMAD_BT_BY_03-squashed.jpg,1783,1992,Park/have,1993,Kyst/havn,,,,,,,,,,,,,,,,,,,,,,,,,,,,,,,,,,,,
367,Hybenrose,3599,1626080505,,5,6,7,8,Buske og træer,,173,Vandløb,Hvordan er vandløbets næringsindhold?,,#4171BB,https://vildmadv2.vps.webdock.io/application/files/6116/2201/2158/Vildmad_BT_Vandlob_02_1.jpg,5404,1971,Næringsfattig,1972,Næringsrig,174,Strand,Hvordan er strandens beskaffenhed?,,#4171BB,https://vildmadv2.vps.webdock.io/application/files/7016/2201/2308/Vildmad_BT_Strand_01_1.jpg,5405,1973,Sandstrand,1974,Stenstrand,https://vildmadv2.vps.webdock.io/application/files/7216/2445/9376/Rynket-Rose_ravarekort_app.png,5530,9,,181,By,Hvor er du i byens landskab?,,#4B3C67,https://vildmadv2.vps.webdock.io/application/files/9414/9812/0663/VILDMAD_BT_BY_03-squashed.jpg,1783,1992,Park/have,1993,Kyst/havn,,,,,,,2015,Svag strøm,2016,Kraftig strøm,171,Strandeng,Hvordan er jordens karakter på strandengen?,,#4171BB,https://vildmadv2.vps.webdock.io/application/files/7314/9812/2525/Vildmad_BT_Strandeng_24.jpg,1823,1948,Våd,1949,Tør,,,,,176,Hegn,Hvordan er hegnet?,,#FEC21C,https://vildmadv2.vps.webdock.io/application/files/2114/9036/4146/hegn.jpg,365,1975,Tæt bevokset,1976,Åbent,,,,,,,,,,,,,,,,,,,,,,,,,,,,,,,,,,,,,,,,,,2017,Kystnært,2018,Indland,,
369,"Salturt, almindelig",2374,1626080540,,5,6,7,8,Strandurter,,171,Strandeng,Hvordan er jordens karakter på strandengen?,,#4171BB,https://vildmadv2.vps.webdock.io/application/files/7314/9812/2525/Vildmad_BT_Strandeng_24.jpg,1823,1948,Våd,1949,Tør,,,,,,,,,,,,https://vildmadv2.vps.webdock.io/application/files/9616/2451/5472/Salturt_ravarekort_app.png,5533,,,,,,,,,,,,,,,,,,,,,,,,,,,,,,,,,,,,,,,,,,,,,,,,,,,,,,,,,,,,,,,,,,,,,,,,,,,,,,,,,,,,,,,,,,,,,,,,
371,Sankt Hans Urt,2382,1626080571,,3,4,5,6,Urter og mindre vækster,,,,,,,,,,,,,,,,,,,,,,,,https://vildmadv2.vps.webdock.io/application/files/1016/2451/5625/Sankt_hans-urt_ravarekort_app.png,5534,7,8,,,,,,,,,,,,,,,,9,,,,,,,,,,,,,,,,,,,,,,,,,,,,,,,,,,,,,,,,,,,,,,,,,,,,,,,,,,,,,,,,,,,,,,,,,,,,,Strandurter,
373,Skællet Stilkporesvamp,826,1626080659,,4,5,,,Svampe,,176,Hegn,Hvordan er hegnet?,,#FEC21C,https://vildmadv2.vps.webdock.io/application/files/2114/9036/4146/hegn.jpg,365,1975,Tæt bevokset,1976,Åbent,179,Løvskov,Hvordan er jordens karakter i skoven?,Hvordan er skovbunden?,#009748,https://vildmadv2.vps.webdock.io/application/files/1016/2089/8647/VILDMAD_BT_Lovskov_08.jpg,5383,1981,Morbund,1982,Mulbund,https://vildmadv2.vps.webdock.io/application/files/1016/2451/5801/Skaellet_Stilkporresvamp_ravarekort_app.png,5536,,,181,By,Hvor er du i byens landskab?,,#4B3C67,https://vildmadv2.vps.webdock.io/application/files/9414/9812/0663/VILDMAD_BT_BY_03-squashed.jpg,1783,1992,Park/have,1993,Kyst/havn,,,,,,,2017,Kystnært,2018,Indland,,,,,,,,,,,,,,,,,,,,,,,,,,,,,,,,,,,,,,,,,,,,,,,,,,,,,,,,,,,,,,,,,,,,,,,,,
374,Vildæble,1168,1626080695,,8,9,,,Buske og træer,,180,Nåleskov,Hvordan er jordens karakter i skoven?,Hvordan er skovbunden?,#009748,https://vildmadv2.vps.webdock.io/application/files/6214/9036/4694/naaleskov.jpg,409,1987,Morbund,1988,Mulbund,179,Løvskov,Hvordan er jordens karakter i skoven?,Hvordan er skovbunden?,#009748,https://vildmadv2.vps.webdock.io/application/files/1016/2089/8647/VILDMAD_BT_Lovskov_08.jpg,5383,1981,Morbund,1982,Mulbund,https://vildmadv2.vps.webdock.io/application/files/7816/2451/6075/Skovaeble_ravarekort_app.png,5538,,,181,By,Hvor er du i byens landskab?,,#4B3C67,https://vildmadv2.vps.webdock.io/application/files/9414/9812/0663/VILDMAD_BT_BY_03-squashed.jpg,1783,1992,Park/have,1993,Kyst/havn,,,,,,,,,,,176,Hegn,Hvordan er hegnet?,,#FEC21C,https://vildmadv2.vps.webdock.io/application/files/2114/9036/4146/hegn.jpg,365,1975,Tæt bevokset,1976,Åbent,,,,,,,,,,,,,,,,,,,,,,,,,,,,,,,,,,,,,,2017,Kystnært,2018,Indland,,,,,,,,,,,,,,,,,,,,,
376,Skovfyr,577,1626080803,,4,,,,Buske og træer,,180,Nåleskov,Hvordan er jordens karakter i skoven?,Hvordan er skovbunden?,#009748,https://vildmadv2.vps.webdock.io/application/files/6214/9036/4694/naaleskov.jpg,409,1987,Morbund,1988,Mulbund,,,,,,,,,,,,https://vildmadv2.vps.webdock.io/application/files/2916/2451/6290/Skovfyr_ravarekort_app.png,5540,,,,,,,,,,,,,,,,,,,,,,,,,,,,,,,,,,,,,,,,,,,,,,,,,,,,,,,,,,,,,,,,,,,,,,,,,,,,,,,,,,,,,,,,,,,,,,,,
377,Skovjordbær,886,1626080825,,5,6,,,Buske og træer,,179,Løvskov,Hvordan er jordens karakter i skoven?,Hvordan er skovbunden?,#009748,https://vildmadv2.vps.webdock.io/application/files/1016/2089/8647/VILDMAD_BT_Lovskov_08.jpg,5383,1981,Morbund,1982,Mulbund,181,By,Hvor er du i byens landskab?,,#4B3C67,https://vildmadv2.vps.webdock.io/application/files/9414/9812/0663/VILDMAD_BT_BY_03-squashed.jpg,1783,1992,Park/have,1993,Kyst/havn,https://vildmadv2.vps.webdock.io/application/files/3816/2451/7008/Skovjordbaer_ravarekort_app.png,5543,,,176,Hegn,Hvordan er hegnet?,,#FEC21C,https://vildmadv2.vps.webdock.io/application/files/2114/9036/4146/hegn.jpg,365,1975,Tæt bevokset,1976,Åbent,2017,Kystnært,2018,Indland,,,,,,,177,Grøftekant,Hvordan er grøftekantens beskaffenhed?,,#FEC21C,https://vildmadv2.vps.webdock.io/application/files/4616/2089/7447/VILDMAD_BT_Groftekant_05.jpg,5379,1977,Næringsfattig,1978,Næringsrig,,,,,,,,,,,,,,,,,,,,,,,,,,,,,,,,,,,,,,,,,,,,,,,,,,,,,,,,,,,,,,
379,Skovløg,1580,1626080850,,3,6,7,,Urter og mindre vækster,,173,Vandløb,Hvordan er vandløbets næringsindhold?,,#4171BB,https://vildmadv2.vps.webdock.io/application/files/6116/2201/2158/Vildmad_BT_Vandlob_02_1.jpg,5404,1971,Næringsfattig,1972,Næringsrig,176,Hegn,Hvordan er hegnet?,,#FEC21C,https://vildmadv2.vps.webdock.io/application/files/2114/9036/4146/hegn.jpg,365,1975,Tæt bevokset,1976,Åbent,https://vildmadv2.vps.webdock.io/application/files/9016/2451/7268/Skovlog_ravarekort_app.png,5545,,,177,Grøftekant,Hvordan er grøftekantens beskaffenhed?,,#FEC21C,https://vildmadv2.vps.webdock.io/application/files/4616/2089/7447/VILDMAD_BT_Groftekant_05.jpg,5379,1977,Næringsfattig,1978,Næringsrig,,,,,,,2015,Svag strøm,2016,Kraftig strøm,178,Græsland,Hvordan er græslandet?,,#FEC21C,https://vildmadv2.vps.webdock.io/application/files/7916/2089/7481/Vildmad_BT_Gresland_09.jpg,5381,1979,Næringsfattig,1980,Næringsrig,2017,Kystnært,2018,Indland,179,Løvskov,Hvordan er jordens karakter i skoven?,Hvordan er skovbunden?,#009748,https://vildmadv2.vps.webdock.io/application/files/1016/2089/8647/VILDMAD_BT_Lovskov_08.jpg,5383,1981,Morbund,1982,Mulbund,180,Nåleskov,Hvordan er jordens karakter i skoven?,Hvordan er skovbunden?,#009748,https://vildmadv2.vps.webdock.io/application/files/6214/9036/4694/naaleskov.jpg,409,1987,Morbund,1988,Mulbund,181,By,Hvor er du i byens landskab?,,#4B3C67,https://vildmadv2.vps.webdock.io/application/files/9414/9812/0663/VILDMAD_BT_BY_03-squashed.jpg,1783,1992,Park/have,1993,Kyst/havn,,,,,,,,,,,,,,,,,,,,,,,,,
380,Skovmærke,3074,1626080873,,2,3,4,5,Urter og mindre vækster,,171,Strandeng,Hvordan er jordens karakter på strandengen?,,#4171BB,https://vildmadv2.vps.webdock.io/application/files/7314/9812/2525/Vildmad_BT_Strandeng_24.jpg,1823,1948,Våd,1949,Tør,176,Hegn,Hvordan er hegnet?,,#FEC21C,https://vildmadv2.vps.webdock.io/application/files/2114/9036/4146/hegn.jpg,365,1975,Tæt bevokset,1976,Åbent,https://vildmadv2.vps.webdock.io/application/files/9416/2451/7486/Skovlog_ravarekort_app_1.png,5547,6,7,177,Grøftekant,Hvordan er grøftekantens beskaffenhed?,,#FEC21C,https://vildmadv2.vps.webdock.io/application/files/4616/2089/7447/VILDMAD_BT_Groftekant_05.jpg,5379,1977,Næringsfattig,1978,Næringsrig,,,,,8,9,,,,,178,Græsland,Hvordan er græslandet?,,#FEC21C,https://vildmadv2.vps.webdock.io/application/files/7916/2089/7481/Vildmad_BT_Gresland_09.jpg,5381,1979,Næringsfattig,1980,Næringsrig,2017,Kystnært,2018,Indland,179,Løvskov,Hvordan er jordens karakter i skoven?,Hvordan er skovbunden?,#009748,https://vildmadv2.vps.webdock.io/application/files/1016/2089/8647/VILDMAD_BT_Lovskov_08.jpg,5383,1981,Morbund,1982,Mulbund,180,Nåleskov,Hvordan er jordens karakter i skoven?,Hvordan er skovbunden?,#009748,https://vildmadv2.vps.webdock.io/application/files/6214/9036/4694/naaleskov.jpg,409,1987,Morbund,1988,Mulbund,181,By,Hvor er du i byens landskab?,,#4B3C67,https://vildmadv2.vps.webdock.io/application/files/9414/9812/0663/VILDMAD_BT_BY_03-squashed.jpg,1783,1992,Park/have,1993,Kyst/havn,,,,,,,,,,,,,,,,,,,,,,,,,
383,Skovsyre,3352,1626080915,,0,1,2,3,Urter og mindre vækster,,181,By,Hvor er du i byens landskab?,,#4B3C67,https://vildmadv2.vps.webdock.io/application/files/9414/9812/0663/VILDMAD_BT_BY_03-squashed.jpg,1783,1992,Park/have,1993,Kyst/havn,179,Løvskov,Hvordan er jordens karakter i skoven?,Hvordan er skovbunden?,#009748,https://vildmadv2.vps.webdock.io/application/files/1016/2089/8647/VILDMAD_BT_Lovskov_08.jpg,5383,1981,Morbund,1982,Mulbund,https://vildmadv2.vps.webdock.io/application/files/3816/2451/7706/Skovsyre_ravarekort_app.png,5548,4,5,180,Nåleskov,Hvordan er jordens karakter i skoven?,Hvordan er skovbunden?,#009748,https://vildmadv2.vps.webdock.io/application/files/6214/9036/4694/naaleskov.jpg,409,1987,Morbund,1988,Mulbund,,,,,6,7,,,,,,,,,,,,,,,,,,,,,,,,,,,,,,,,,,,,,,,,,,,,,,,,,,,,,,,,,8,9,10,11,,,,,,,,,,,,,,,,,
385,Skvalderkål,3268,1626080935,,2,3,4,5,Urter og mindre vækster,,173,Vandløb,Hvordan er vandløbets næringsindhold?,,#4171BB,https://vildmadv2.vps.webdock.io/application/files/6116/2201/2158/Vildmad_BT_Vandlob_02_1.jpg,5404,1971,Næringsfattig,1972,Næringsrig,172,Sø,Hvordan er søens næringsindhold?,,#4171BB,https://vildmadv2.vps.webdock.io/application/files/1116/2195/3749/Vildmad_BT_So_01_1.jpg,5402,1969,Næringsfattig,1970,Næringsrig,https://vildmadv2.vps.webdock.io/application/files/2714/9036/9858/skvalderkal.jpg,594,6,7,176,Hegn,Hvordan er hegnet?,,#FEC21C,https://vildmadv2.vps.webdock.io/application/files/2114/9036/4146/hegn.jpg,365,1975,Tæt bevokset,1976,Åbent,2017,Kystnært,2018,Indland,,,2015,Svag strøm,2016,Kraftig strøm,177,Grøftekant,Hvordan er grøftekantens beskaffenhed?,,#FEC21C,https://vildmadv2.vps.webdock.io/application/files/4616/2089/7447/VILDMAD_BT_Groftekant_05.jpg,5379,1977,Næringsfattig,1978,Næringsrig,,,,,178,Græsland,Hvordan er græslandet?,,#FEC21C,https://vildmadv2.vps.webdock.io/application/files/7916/2089/7481/Vildmad_BT_Gresland_09.jpg,5381,1979,Næringsfattig,1980,Næringsrig,179,Løvskov,Hvordan er jordens karakter i skoven?,Hvordan er skovbunden?,#009748,https://vildmadv2.vps.webdock.io/application/files/1016/2089/8647/VILDMAD_BT_Lovskov_08.jpg,5383,1981,Morbund,1982,Mulbund,180,Nåleskov,Hvordan er jordens karakter i skoven?,Hvordan er skovbunden?,#009748,https://vildmadv2.vps.webdock.io/application/files/6214/9036/4694/naaleskov.jpg,409,1987,Morbund,1988,Mulbund,,,,,,,,,181,By,Hvor er du i byens landskab?,,#4B3C67,https://vildmadv2.vps.webdock.io/application/files/9414/9812/0663/VILDMAD_BT_BY_03-squashed.jpg,1783,1992,Park/have,1993,Kyst/havn,,,,,,
387,Søsalat,880,1626080957,,4,5,6,7,Tang,"Tang er en farlig urt. Den har en tendens til at gribe ud efter dine ben når du går forbi, så hvis du ikke passer på så kan du nemt blive fældet af sådan en bandit. Husk gode gummistøvler, og smør dem ind i anti-tang creme for at mindske risikoen for uheld.",174,Strand,Hvordan er strandens beskaffenhed?,,#4171BB,https://vildmadv2.vps.webdock.io/application/files/7016/2201/2308/Vildmad_BT_Strand_01_1.jpg,5405,1973,Sandstrand,1974,Stenstrand,,,,,,,,,,,,https://vildmadv2.vps.webdock.io/application/files/8016/2451/8392/Sosalat_ravarekort_app.png,5550,,,,,,,,,,,,,,,,,,,,,,,,,,,,,,,,,,,,,,,,,,,,,,,,,,,,,,,,,,,,,,,,,,,,,,,,,,,,,,,,,,,,,,,,,,,,,,,,
389,Spansk Kørvel,2328,1626080993,,2,3,4,5,Urter og mindre vækster,,176,Hegn,Hvordan er hegnet?,,#FEC21C,https://vildmadv2.vps.webdock.io/application/files/2114/9036/4146/hegn.jpg,365,1975,Tæt bevokset,1976,Åbent,177,Grøftekant,Hvordan er grøftekantens beskaffenhed?,,#FEC21C,https://vildmadv2.vps.webdock.io/application/files/4616/2089/7447/VILDMAD_BT_Groftekant_05.jpg,5379,1977,Næringsfattig,1978,Næringsrig,https://vildmadv2.vps.webdock.io/application/files/4015/1005/3932/Skaermbillede_2017-11-07_kl._12.24.27_kopi.jpg,2830,6,7,178,Græsland,Hvordan er græslandet?,,#FEC21C,https://vildmadv2.vps.webdock.io/application/files/7916/2089/7481/Vildmad_BT_Gresland_09.jpg,5381,1979,Næringsfattig,1980,Næringsrig,,,,,8,9,2017,Kystnært,2018,Indland,179,Løvskov,Hvordan er jordens karakter i skoven?,Hvordan er skovbunden?,#009748,https://vildmadv2.vps.webdock.io/application/files/1016/2089/8647/VILDMAD_BT_Lovskov_08.jpg,5383,1981,Morbund,1982,Mulbund,,,,,180,Nåleskov,Hvordan er jordens karakter i skoven?,Hvordan er skovbunden?,#009748,https://vildmadv2.vps.webdock.io/application/files/6214/9036/4694/naaleskov.jpg,409,1987,Morbund,1988,Mulbund,181,By,Hvor er du i byens landskab?,,#4B3C67,https://vildmadv2.vps.webdock.io/application/files/9414/9812/0663/VILDMAD_BT_BY_03-squashed.jpg,1783,1992,Park/have,1993,Kyst/havn,,,,,,,,,,,,,,,,10,,,,,,,,,,,,,,,,,,,,
393,Stor løghat,1341,1633434261,,8,9,,,Svampe,,179,Løvskov,Hvordan er jordens karakter i skoven?,Hvordan er skovbunden?,#009748,https://vildmadv2.vps.webdock.io/application/files/1016/2089/8647/VILDMAD_BT_Lovskov_08.jpg,5383,1981,Morbund,1982,Mulbund,181,By,Hvor er du i byens landskab?,,#4B3C67,https://vildmadv2.vps.webdock.io/application/files/9414/9812/0663/VILDMAD_BT_BY_03-squashed.jpg,1783,1992,Park/have,1993,Kyst/havn,https://vildmadv2.vps.webdock.io/application/files/1616/2451/8592/Stor-loghat_ravarekort_app.png,5552,,,,,,,,,,,,,,,,,,,,,,,,,,,,,,,,,,,,,,,,,,,,,,,,,,,,,,,,,,,,,,,,,,,,,,,,,,,,,,,,,,,,,,,,,,,,,,,,
394,Stor Nælde,2656,1626081253,,2,3,4,5,Urter og mindre vækster,,173,Vandløb,Hvordan er vandløbets næringsindhold?,,#4171BB,https://vildmadv2.vps.webdock.io/application/files/6116/2201/2158/Vildmad_BT_Vandlob_02_1.jpg,5404,1971,Næringsfattig,1972,Næringsrig,174,Strand,Hvordan er strandens beskaffenhed?,,#4171BB,https://vildmadv2.vps.webdock.io/application/files/7016/2201/2308/Vildmad_BT_Strand_01_1.jpg,5405,1973,Sandstrand,1974,Stenstrand,https://vildmadv2.vps.webdock.io/application/files/4916/2451/8732/Braendenaelde_ravarkort_app.png,5554,6,7,176,Hegn,Hvordan er hegnet?,,#FEC21C,https://vildmadv2.vps.webdock.io/application/files/2114/9036/4146/hegn.jpg,365,1975,Tæt bevokset,1976,Åbent,2017,Kystnært,2018,Indland,8,9,2015,Svag strøm,2016,Kraftig strøm,177,Grøftekant,Hvordan er grøftekantens beskaffenhed?,,#FEC21C,https://vildmadv2.vps.webdock.io/application/files/4616/2089/7447/VILDMAD_BT_Groftekant_05.jpg,5379,1977,Næringsfattig,1978,Næringsrig,,,,,178,Græsland,Hvordan er græslandet?,,#FEC21C,https://vildmadv2.vps.webdock.io/application/files/7916/2089/7481/Vildmad_BT_Gresland_09.jpg,5381,1979,Næringsfattig,1980,Næringsrig,179,Løvskov,Hvordan er jordens karakter i skoven?,Hvordan er skovbunden?,#009748,https://vildmadv2.vps.webdock.io/application/files/1016/2089/8647/VILDMAD_BT_Lovskov_08.jpg,5383,1981,Morbund,1982,Mulbund,180,Nåleskov,Hvordan er jordens karakter i skoven?,Hvordan er skovbunden?,#009748,https://vildmadv2.vps.webdock.io/application/files/6214/9036/4694/naaleskov.jpg,409,1987,Morbund,1988,Mulbund,,,,,10,,,,181,By,Hvor er du i byens landskab?,,#4B3C67,https://vildmadv2.vps.webdock.io/application/files/9414/9812/0663/VILDMAD_BT_BY_03-squashed.jpg,1783,1992,Park/have,1993,Kyst/havn,,,,,,
396,Strandarve,4783,1626081274,,3,4,5,6,Strandurter,,173,Vandløb,Hvordan er vandløbets næringsindhold?,,#4171BB,https://vildmadv2.vps.webdock.io/application/files/6116/2201/2158/Vildmad_BT_Vandlob_02_1.jpg,5404,1971,Næringsfattig,1972,Næringsrig,174,Strand,Hvordan er strandens beskaffenhed?,,#4171BB,https://vildmadv2.vps.webdock.io/application/files/7016/2201/2308/Vildmad_BT_Strand_01_1.jpg,5405,1973,Sandstrand,1974,Stenstrand,https://vildmadv2.vps.webdock.io/application/files/1316/2451/9005/Strandarve_ravarekort_app.png,5557,7,,,,,,,,,,,,,,,,,,,2015,Svag strøm,2016,Kraftig strøm,,,,,,,,,,,,,,,,,,,,,,,,,,,,,,,,,,,,,,,,,,,,,,,,,,,,,,,,,,,,,,,,,,,,,,,,,
398,Strandasters,1130,1626081317,,4,5,6,7,Strandurter,,171,Strandeng,Hvordan er jordens karakter på strandengen?,,#4171BB,https://vildmadv2.vps.webdock.io/application/files/7314/9812/2525/Vildmad_BT_Strandeng_24.jpg,1823,1948,Våd,1949,Tør,174,Strand,Hvordan er strandens beskaffenhed?,,#4171BB,https://vildmadv2.vps.webdock.io/application/files/7016/2201/2308/Vildmad_BT_Strand_01_1.jpg,5405,1973,Sandstrand,1974,Stenstrand,https://vildmadv2.vps.webdock.io/application/files/9316/2451/9140/Strandasters_ravarekort_app.png,5559,8,,,,,,,,,,,,,,,,,,,,,,,,,,,,,,,,,,,,,,,,,,,,,,,,,,,,,,,,,,,,,,,,,,,,,,,,,,,,,,,,,,,,,,,,,,,,,,,
399,Strandbede,2186,1642669217,,1,2,3,4,Strandurter,,173,Vandløb,Hvordan er vandløbets næringsindhold?,,#4171BB,https://vildmadv2.vps.webdock.io/application/files/6116/2201/2158/Vildmad_BT_Vandlob_02_1.jpg,5404,1971,Næringsfattig,1972,Næringsrig,174,Strand,Hvordan er strandens beskaffenhed?,,#4171BB,https://vildmadv2.vps.webdock.io/application/files/7016/2201/2308/Vildmad_BT_Strand_01_1.jpg,5405,1973,Sandstrand,1974,Stenstrand,https://vildmadv2.vps.webdock.io/application/files/4316/2451/9319/Strandbede_ravarekort_app.png,5561,5,7,181,By,Hvor er du i byens landskab?,,#4B3C67,https://vildmadv2.vps.webdock.io/application/files/9414/9812/0663/VILDMAD_BT_BY_03-squashed.jpg,1783,1992,Park/have,1993,Kyst/havn,,,,,8,,2015,Svag strøm,2016,Kraftig strøm,,,,,,,,,,,,,,,,,,,,,,,,,,,,,,,,,,,,,,,,,,,,,,,,,,,,,,,,,,,,,,,,,,,,,,,,,
400,Strandfladbælg,761,1586165428,,3,4,5,,Strandurter,,171,Strandeng,Hvordan er jordens karakter på strandengen?,,#4171BB,https://vildmadv2.vps.webdock.io/application/files/7314/9812/2525/Vildmad_BT_Strandeng_24.jpg,1823,1948,Våd,1949,Tør,174,Strand,Hvordan er strandens beskaffenhed?,,#4171BB,https://vildmadv2.vps.webdock.io/application/files/7016/2201/2308/Vildmad_BT_Strand_01_1.jpg,5405,1973,Sandstrand,1974,Stenstrand,https://vildmadv2.vps.webdock.io/application/files/9514/9036/4929/strand-fladbaelg.jpg,472,,,,,,,,,,,,,,,,,,,,,,,,,,,,,,,,,,,,,,,,,,,,,,,,,,,,,,,,,,,,,,,,,,,,,,,,,,,,,,,,,,,,,,,,,,,,,,,,
402,Strandkarse,1496,1626164226,,3,4,5,6,Strandurter,,173,Vandløb,Hvordan er vandløbets næringsindhold?,,#4171BB,https://vildmadv2.vps.webdock.io/application/files/6116/2201/2158/Vildmad_BT_Vandlob_02_1.jpg,5404,1971,Næringsfattig,1972,Næringsrig,174,Strand,Hvordan er strandens beskaffenhed?,,#4171BB,https://vildmadv2.vps.webdock.io/application/files/7016/2201/2308/Vildmad_BT_Strand_01_1.jpg,5405,1973,Sandstrand,1974,Stenstrand,https://vildmadv2.vps.webdock.io/application/files/4114/9036/4956/strandkarse.jpg,481,7,,171,Strandeng,Hvordan er jordens karakter på strandengen?,,#4171BB,https://vildmadv2.vps.webdock.io/application/files/7314/9812/2525/Vildmad_BT_Strandeng_24.jpg,1823,1948,Våd,1949,Tør,,,,,,,2015,Svag strøm,2016,Kraftig strøm,181,By,Hvor er du i byens landskab?,,#4B3C67,https://vildmadv2.vps.webdock.io/application/files/9414/9812/0663/VILDMAD_BT_BY_03-squashed.jpg,1783,1992,Park/have,1993,Kyst/havn,,,,,,,,,,,,,,,,,,,,,,,,,,,,,,,,,,,,,,,,,,,,,,,,,,,,,,,,,,,,,,
404,Strandmælde,1578,1626164304,,3,4,5,6,Strandurter,,173,Vandløb,Hvordan er vandløbets næringsindhold?,,#4171BB,https://vildmadv2.vps.webdock.io/application/files/6116/2201/2158/Vildmad_BT_Vandlob_02_1.jpg,5404,1971,Næringsfattig,1972,Næringsrig,174,Strand,Hvordan er strandens beskaffenhed?,,#4171BB,https://vildmadv2.vps.webdock.io/application/files/7016/2201/2308/Vildmad_BT_Strand_01_1.jpg,5405,1973,Sandstrand,1974,Stenstrand,https://vildmadv2.vps.webdock.io/application/files/7816/2451/9545/Strandbede_ravarekort_app_1.png,5563,7,,,,,,,,,,,,,,,,,,,2015,Svag strøm,2016,Kraftig strøm,,,,,,,,,,,,,,,,,,,,,,,,,,,,,,,,,,,,,,,,,,,,,,,,,,,,,,,,,,,,,,,,,,,,,,,,,
407,Strandsennep,3127,1626164340,,4,5,6,7,Strandurter,,173,Vandløb,Hvordan er vandløbets næringsindhold?,,#4171BB,https://vildmadv2.vps.webdock.io/application/files/6116/2201/2158/Vildmad_BT_Vandlob_02_1.jpg,5404,1971,Næringsfattig,1972,Næringsrig,174,Strand,Hvordan er strandens beskaffenhed?,,#4171BB,https://vildmadv2.vps.webdock.io/application/files/7016/2201/2308/Vildmad_BT_Strand_01_1.jpg,5405,1973,Sandstrand,1974,Stenstrand,https://vildmadv2.vps.webdock.io/application/files/6816/2451/9729/Strandsennep_ravarekort_app.png,5564,8,9,,,,,,,,,,,,,,,,,,2015,Svag strøm,2016,Kraftig strøm,,,,,,,,,,,,,,,,,,,,,,,,,,,,,,,,,,,,,,,,,,,,,,,,,,,,,,,,,,,,,,,,,,,,,,,,,
410,Strandvejbred,959,1626164367,,3,4,5,,Strandurter,,171,Strandeng,Hvordan er jordens karakter på strandengen?,,#4171BB,https://vildmadv2.vps.webdock.io/application/files/7314/9812/2525/Vildmad_BT_Strandeng_24.jpg,1823,1948,Våd,1949,Tør,174,Strand,Hvordan er strandens beskaffenhed?,,#4171BB,https://vildmadv2.vps.webdock.io/application/files/7016/2201/2308/Vildmad_BT_Strand_01_1.jpg,5405,1973,Sandstrand,1974,Stenstrand,https://vildmadv2.vps.webdock.io/application/files/1816/2452/4437/Strandvejbred_ravarekort_app.png,5572,,,,,,,,,,,,,,,,,,,,,,,,,,,,,,,,,,,,,,,,,,,,,,,,,,,,,,,,,,,,,,,,,,,,,,,,,,,,,,,,,,,,,,,,,,,,,,,,
412,Fingertang,1214,1626164653,,0,1,2,3,Tang,"Tang er en farlig urt. Den har en tendens til at gribe ud efter dine ben når du går forbi, så hvis du ikke passer på så kan du nemt blive fældet af sådan en bandit. Husk gode gummistøvler, og smør dem ind i anti-tang creme for at mindske risikoen for uheld.",174,Strand,Hvordan er strandens beskaffenhed?,,#4171BB,https://vildmadv2.vps.webdock.io/application/files/7016/2201/2308/Vildmad_BT_Strand_01_1.jpg,5405,1973,Sandstrand,1974,Stenstrand,,,,,,,,,,,,https://vildmadv2.vps.webdock.io/application/files/2616/2452/4734/Fingertang_ravarekort_app.png,5574,4,5,,,,,,,,,,,,,,,,,,,,,,,,,,,,,,,,,,,,,,,,,,,,,,,,,,,,,,,,,,,,,,,,,,,,,,,,,,,,,,,,,,,,,,,,,,,,,,
413,Svovlporesvamp,2857,1626164727,,4,5,6,7,Svampe,,179,Løvskov,Hvordan er jordens karakter i skoven?,Hvordan er skovbunden?,#009748,https://vildmadv2.vps.webdock.io/application/files/1016/2089/8647/VILDMAD_BT_Lovskov_08.jpg,5383,1981,Morbund,1982,Mulbund,181,By,Hvor er du i byens landskab?,,#4B3C67,https://vildmadv2.vps.webdock.io/application/files/9414/9812/0663/VILDMAD_BT_BY_03-squashed.jpg,1783,1992,Park/have,1993,Kyst/havn,https://vildmadv2.vps.webdock.io/application/files/7516/2452/5088/Svovlporresvamp_ravarekort_app.png,5575,8,9,,,,,,,,,,,,,,,,,,,,,,,,,,,,,,,,,,,,,,,,,,,,,,,,,,,,,,,,,,,,,,,,,,,,,,,,,,,,,,,,,,,,,,,,,,,,,,
414,Syren,1068,1626164760,,4,,,,Buske og træer,,173,Vandløb,Hvordan er vandløbets næringsindhold?,,#4171BB,https://vildmadv2.vps.webdock.io/application/files/6116/2201/2158/Vildmad_BT_Vandlob_02_1.jpg,5404,1971,Næringsfattig,1972,Næringsrig,176,Hegn,Hvordan er hegnet?,,#FEC21C,https://vildmadv2.vps.webdock.io/application/files/2114/9036/4146/hegn.jpg,365,1975,Tæt bevokset,1976,Åbent,https://vildmadv2.vps.webdock.io/application/files/8016/2452/5334/Syren_ravarekort_app.png,5579,,,179,Løvskov,Hvordan er jordens karakter i skoven?,Hvordan er skovbunden?,#009748,https://vildmadv2.vps.webdock.io/application/files/1016/2089/8647/VILDMAD_BT_Lovskov_08.jpg,5383,1981,Morbund,1982,Mulbund,,,,,,,2015,Svag strøm,2016,Kraftig strøm,181,By,Hvor er du i byens landskab?,,#4B3C67,https://vildmadv2.vps.webdock.io/application/files/9414/9812/0663/VILDMAD_BT_BY_03-squashed.jpg,1783,1992,Park/have,1993,Kyst/havn,2017,Kystnært,2018,Indland,,,,,,,,,,,,,,,,,,,,,,,,,,,,,,,,,,,,,,,,,,,,,,,,,,,,,,,,,,
416,Tandfri Vårsalat,894,1626165150,,2,3,4,5,Strandurter,,173,Vandløb,Hvordan er vandløbets næringsindhold?,,#4171BB,https://vildmadv2.vps.webdock.io/application/files/6116/2201/2158/Vildmad_BT_Vandlob_02_1.jpg,5404,1971,Næringsfattig,1972,Næringsrig,174,Strand,Hvordan er strandens beskaffenhed?,,#4171BB,https://vildmadv2.vps.webdock.io/application/files/7016/2201/2308/Vildmad_BT_Strand_01_1.jpg,5405,1973,Sandstrand,1974,Stenstrand,https://vildmadv2.vps.webdock.io/application/files/5916/2452/5527/Tandfri-varsalat_ravarekort_app.png,5581,,,,,,,,,,,,,,,,,,,,2015,Svag strøm,2016,Kraftig strøm,,,,,,,,,,,,,,,,,,,,,,,,,,,,,,,,,,,,,,,,,,,,,,,,,,,,,,,,,,,,,,,,,,,,,,,,,
417,Tarmrørhinde,1242,1629205711,,2,3,4,5,Tang,"Tang er en farlig urt. Den har en tendens til at gribe ud efter dine ben når du går forbi, så hvis du ikke passer på så kan du nemt blive fældet af sådan en bandit. Husk gode gummistøvler, og smør dem ind i anti-tang creme for at mindske risikoen for uheld.",174,Strand,Hvordan er strandens beskaffenhed?,,#4171BB,https://vildmadv2.vps.webdock.io/application/files/7016/2201/2308/Vildmad_BT_Strand_01_1.jpg,5405,1973,Sandstrand,1974,Stenstrand,,,,,,,,,,,,https://vildmadv2.vps.webdock.io/application/files/4216/2452/6026/Tarmrorhinde_ravarekort_app.png,5586,6,7,,,,,,,,,,,,,,,,8,9,,,,,,,,,,,,,,,,,,,,,,,,,,,,,,,,,,,,,,,,,,,,,,,,,,,,,,,,,,,,,,,,,,,,,,,,,,,,,
418,Vild Timian,1483,1626165224,,4,5,6,7,Urter og mindre vækster,,173,Vandløb,Hvordan er vandløbets næringsindhold?,,#4171BB,https://vildmadv2.vps.webdock.io/application/files/6116/2201/2158/Vildmad_BT_Vandlob_02_1.jpg,5404,1971,Næringsfattig,1972,Næringsrig,177,Grøftekant,Hvordan er grøftekantens beskaffenhed?,,#FEC21C,https://vildmadv2.vps.webdock.io/application/files/4616/2089/7447/VILDMAD_BT_Groftekant_05.jpg,5379,1977,Næringsfattig,1978,Næringsrig,https://vildmadv2.vps.webdock.io/application/files/8516/2452/6271/Timian_ravarekort_app.png,5587,,,178,Græsland,Hvordan er græslandet?,,#FEC21C,https://vildmadv2.vps.webdock.io/application/files/7916/2089/7481/Vildmad_BT_Gresland_09.jpg,5381,1979,Næringsfattig,1980,Næringsrig,,,,,,,2015,Svag strøm,2016,Kraftig strøm,,,,,,,,,,,,,,,,,,,,,,,,,,,,,,,,,,,,,,,,,,,,,,,,,,,,,,,,,,,,,,,,,,,,,,,,,
419,Tragtkantarel,2616,1626165371,,8,9,10,11,Svampe,,180,Nåleskov,Hvordan er jordens karakter i skoven?,Hvordan er skovbunden?,#009748,https://vildmadv2.vps.webdock.io/application/files/6214/9036/4694/naaleskov.jpg,409,1987,Morbund,1988,Mulbund,179,Løvskov,Hvordan er jordens karakter i skoven?,Hvordan er skovbunden?,#009748,https://vildmadv2.vps.webdock.io/application/files/1016/2089/8647/VILDMAD_BT_Lovskov_08.jpg,5383,1981,Morbund,1982,Mulbund,https://vildmadv2.vps.webdock.io/application/files/4716/2452/6425/Tragt-Kantarel_ravarekort_app.png,5590,,,,,,,,,,,,,,,,,,,,,,,,,,,,,,,,,,,,,,,,,,,,,,,,,,,,,,,,,,,,,,,,,,,,,,,,,,,,,,,,,,,,,,,,,,,,,,,,
422,Valnød,1833,1626165592,,6,7,8,9,Buske og træer,,176,Hegn,Hvordan er hegnet?,,#FEC21C,https://vildmadv2.vps.webdock.io/application/files/2114/9036/4146/hegn.jpg,365,1975,Tæt bevokset,1976,Åbent,179,Løvskov,Hvordan er jordens karakter i skoven?,Hvordan er skovbunden?,#009748,https://vildmadv2.vps.webdock.io/application/files/1016/2089/8647/VILDMAD_BT_Lovskov_08.jpg,5383,1981,Morbund,1982,Mulbund,https://vildmadv2.vps.webdock.io/application/files/7816/2452/6611/Valnod_ravarekort_app.png,5592,,,181,By,Hvor er du i byens landskab?,,#4B3C67,https://vildmadv2.vps.webdock.io/application/files/9414/9812/0663/VILDMAD_BT_BY_03-squashed.jpg,1783,1992,Park/have,1993,Kyst/havn,,,,,,,2017,Kystnært,2018,Indland,,,,,,,,,,,,,,,,,,,,,,,,,,,,,,,,,,,,,,,,,,,,,,,,,,,,,,,,,,,,,,,,,,,,,,,,,
423,Vandkarse,1377,1626165625,,0,1,2,3,,,173,Vandløb,Hvordan er vandløbets næringsindhold?,,#4171BB,https://vildmadv2.vps.webdock.io/application/files/6116/2201/2158/Vildmad_BT_Vandlob_02_1.jpg,5404,1971,Næringsfattig,1972,Næringsrig,177,Grøftekant,Hvordan er grøftekantens beskaffenhed?,,#FEC21C,https://vildmadv2.vps.webdock.io/application/files/4616/2089/7447/VILDMAD_BT_Groftekant_05.jpg,5379,1977,Næringsfattig,1978,Næringsrig,https://vildmadv2.vps.webdock.io/application/files/3916/2452/6792/Vandkarse_ravarekort_app.png,5594,4,5,179,Løvskov,Hvordan er jordens karakter i skoven?,Hvordan er skovbunden?,#009748,https://vildmadv2.vps.webdock.io/application/files/1016/2089/8647/VILDMAD_BT_Lovskov_08.jpg,5383,1981,Morbund,1982,Mulbund,,,,,10,11,2015,Svag strøm,2016,Kraftig strøm,,,,,,,,,,,,,,,,,,,,,,,,,,,,,,,,,,,,,,,,,,,,,,,,,,,,,,,,,,,,,,,,,,,,,,,,,
424,Vandmynte,1586,1594123577,,3,4,5,6,Urter og mindre vækster,,172,Sø,Hvordan er søens næringsindhold?,,#4171BB,https://vildmadv2.vps.webdock.io/application/files/1116/2195/3749/Vildmad_BT_So_01_1.jpg,5402,1969,Næringsfattig,1970,Næringsrig,173,Vandløb,Hvordan er vandløbets næringsindhold?,,#4171BB,https://vildmadv2.vps.webdock.io/application/files/6116/2201/2158/Vildmad_BT_Vandlob_02_1.jpg,5404,1971,Næringsfattig,1972,Næringsrig,https://vildmadv2.vps.webdock.io/application/files/5114/9036/4987/vandmynte.jpg,489,7,8,177,Grøftekant,Hvordan er grøftekantens beskaffenhed?,,#FEC21C,https://vildmadv2.vps.webdock.io/application/files/4616/2089/7447/VILDMAD_BT_Groftekant_05.jpg,5379,1977,Næringsfattig,1978,Næringsrig,,,,,9,,,,,,,,,,,,,,,,,2015,Svag strøm,2016,Kraftig strøm,,,,,,,,,,,,,,,,,,,,,,,,,,,,,,,,,,,,,,,,,,,,,,,,,,,,,,,,,,
426,Vårmusseron,1350,1626165743,,3,4,5,,Svampe,,173,Vandløb,Hvordan er vandløbets næringsindhold?,,#4171BB,https://vildmadv2.vps.webdock.io/application/files/6116/2201/2158/Vildmad_BT_Vandlob_02_1.jpg,5404,1971,Næringsfattig,1972,Næringsrig,176,Hegn,Hvordan er hegnet?,,#FEC21C,https://vildmadv2.vps.webdock.io/application/files/2114/9036/4146/hegn.jpg,365,1975,Tæt bevokset,1976,Åbent,https://vildmadv2.vps.webdock.io/application/files/5214/9362/6953/varmusseron.jpg,1496,,,177,Grøftekant,Hvordan er grøftekantens beskaffenhed?,,#FEC21C,https://vildmadv2.vps.webdock.io/application/files/4616/2089/7447/VILDMAD_BT_Groftekant_05.jpg,5379,1977,Næringsfattig,1978,Næringsrig,,,,,,,2015,Svag strøm,2016,Kraftig strøm,178,Græsland,Hvordan er græslandet?,,#FEC21C,https://vildmadv2.vps.webdock.io/application/files/7916/2089/7481/Vildmad_BT_Gresland_09.jpg,5381,1979,Næringsfattig,1980,Næringsrig,2017,Kystnært,2018,Indland,180,Nåleskov,Hvordan er jordens karakter i skoven?,Hvordan er skovbunden?,#009748,https://vildmadv2.vps.webdock.io/application/files/6214/9036/4694/naaleskov.jpg,409,1987,Morbund,1988,Mulbund,179,Løvskov,Hvordan er jordens karakter i skoven?,Hvordan er skovbunden?,#009748,https://vildmadv2.vps.webdock.io/application/files/1016/2089/8647/VILDMAD_BT_Lovskov_08.jpg,5383,1981,Morbund,1982,Mulbund,181,By,Hvor er du i byens landskab?,,#4B3C67,https://vildmadv2.vps.webdock.io/application/files/9414/9812/0663/VILDMAD_BT_BY_03-squashed.jpg,1783,1992,Park/have,1993,Kyst/havn,,,,,,,,,,,,,,,,,,,,,,,,,
429,Martsviol,1088,1626165834,,3,,,,Urter og mindre vækster,,179,Løvskov,Hvordan er jordens karakter i skoven?,Hvordan er skovbunden?,#009748,https://vildmadv2.vps.webdock.io/application/files/1016/2089/8647/VILDMAD_BT_Lovskov_08.jpg,5383,1981,Morbund,1982,Mulbund,176,Hegn,Hvordan er hegnet?,,#FEC21C,https://vildmadv2.vps.webdock.io/application/files/2114/9036/4146/hegn.jpg,365,1975,Tæt bevokset,1976,Åbent,https://vildmadv2.vps.webdock.io/application/files/1916/2452/7377/Viol_ravarekort_app.png,5597,,,177,Grøftekant,Hvordan er grøftekantens beskaffenhed?,,#FEC21C,https://vildmadv2.vps.webdock.io/application/files/4616/2089/7447/VILDMAD_BT_Groftekant_05.jpg,5379,1977,Næringsfattig,1978,Næringsrig,,,,,,,,,,,178,Græsland,Hvordan er græslandet?,,#FEC21C,https://vildmadv2.vps.webdock.io/application/files/7916/2089/7481/Vildmad_BT_Gresland_09.jpg,5381,1979,Næringsfattig,1980,Næringsrig,2017,Kystnært,2018,Indland,,,,,,,,,,,,,,,,,,,,,,,,,,,,,,,,,,,,,,,,,,,,,,,,,,,,,,,,,,
934,Hyldeblomst,2304,1642498279,,5,,,,Blomster,,171,Strandeng,Hvordan er jordens karakter på strandengen?,,#4171BB,https://vildmadv2.vps.webdock.io/application/files/7314/9812/2525/Vildmad_BT_Strandeng_24.jpg,1823,1948,Våd,1949,Tør,176,Hegn,Hvordan er hegnet?,,#FEC21C,https://vildmadv2.vps.webdock.io/application/files/2114/9036/4146/hegn.jpg,365,1975,Tæt bevokset,1976,Åbent,https://vildmadv2.vps.webdock.io/application/files/5116/2437/3339/Hyld_ravarkort_app.png,5484,,,179,Løvskov,Hvordan er jordens karakter i skoven?,Hvordan er skovbunden?,#009748,https://vildmadv2.vps.webdock.io/application/files/1016/2089/8647/VILDMAD_BT_Lovskov_08.jpg,5383,1981,Morbund,1982,Mulbund,,,,,,,,,,,180,Nåleskov,Hvordan er jordens karakter i skoven?,Hvordan er skovbunden?,#009748,https://vildmadv2.vps.webdock.io/application/files/6214/9036/4694/naaleskov.jpg,409,1987,Morbund,1988,Mulbund,2017,Kystnært,2018,Indland,181,By,Hvor er du i byens landskab?,,#4B3C67,https://vildmadv2.vps.webdock.io/application/files/9414/9812/0663/VILDMAD_BT_BY_03-squashed.jpg,1783,1992,Park/have,1993,Kyst/havn,,,,,,,,,,,,,,,,,,,,,,,,,,,,,,,,,,,,,,,,,,,,,,,
431,Violet Hekseringridderhat,1259,1629205834,,9,10,11,,Svampe,,180,Nåleskov,Hvordan er jordens karakter i skoven?,Hvordan er skovbunden?,#009748,https://vildmadv2.vps.webdock.io/application/files/6214/9036/4694/naaleskov.jpg,409,1987,Morbund,1988,Mulbund,,,,,,,,,,,,https://vildmadv2.vps.webdock.io/application/files/1716/2452/7462/Violot-Hekseringridder-hat_ravarekort_app.png,5600,,,,,,,,,,,,,,,,,,,,,,,,,,,,,,,,,,,,,,,,,,,,,,,,,,,,,,,,,,,,,,,,,,,,,,,,,,,,,,,,,,,,,,,,,,,,,,,,
2014,Dunbirk,760,1626165916,,2,3,,,Buske og træer,,179,Løvskov,Hvordan er jordens karakter i skoven?,Hvordan er skovbunden?,#009748,https://vildmadv2.vps.webdock.io/application/files/1016/2089/8647/VILDMAD_BT_Lovskov_08.jpg,5383,1981,Morbund,1982,Mulbund,176,Hegn,Hvordan er hegnet?,,#FEC21C,https://vildmadv2.vps.webdock.io/application/files/2114/9036/4146/hegn.jpg,365,1975,Tæt bevokset,1976,Åbent,https://vildmadv2.vps.webdock.io/application/files/9116/2452/1225/Vild_Mad_RV_Birk_V08.jpg,5566,,,,,,,,,,,,,,,,,,,,,,,,,,,,,,,,,,,2017,Kystnært,2018,Indland,,,,,,,,,,,,,,,,,,,,,,,,,,,,,,,,,,,,,,,,,,,,,,,,,,,,,,,,,,
